user_id,item_id,rating,timestamp
1100,868,5.0,874965758
1100,1162,5.0,874965758
1100,927,5.0,874965758
1100,1521,5.0,874965758
1100,1301,5.0,874965758
1100,1191,5.0,874965758
1100,50,5.0,874965758
1100,181,5.0,874965758
1100,258,5.0,874965758
1100,1060,5.0,874965758
1100,403,5.0,874965758
1100,849,2.3,874965758
1100,722,4.8,874965758
1100,348,4.7,874965758
1100,529,1.9,874965758
1100,745,4.3,874965758
1100,813,2.4,874965758
1100,1660,2.1,874965758
1100,614,3.0,874965758
1100,977,2.5,874965758
1100,1375,3.9,874965758
1100,884,3.3,874965758
1100,1257,3.9,874965758
1100,938,3.5,874965758
1100,485,2.0,874965758
1100,541,5.0,874965758
1100,546,3.6,874965758
1100,417,2.3,874965758
1100,1202,2.6,874965758
1100,1499,2.8,874965758
1100,595,3.7,874965758
1100,1007,3.5,874965758
1100,836,3.2,874965758
1100,793,3.9,874965758
1100,985,2.8,874965758
1100,208,3.3,874965758
1100,1649,3.5,874965758
1100,978,3.2,874965758
1100,917,2.8,874965758
1100,1428,1.0,874965758
1100,1329,3.8,874965758
1100,1084,4.1,874965758
1100,1424,2.5,874965758
1100,1422,2.2,874965758
1100,1500,2.0,874965758
1100,1510,5.0,874965758
1100,870,3.7,874965758
1100,956,5.0,874965758
1100,1142,3.9,874965758
1100,1098,3.9,874965758
1100,1173,4.2,874965758
1100,422,2.8,874965758
1100,605,4.3,874965758
1100,1407,3.9,874965758
1100,558,3.1,874965758
1100,863,4.7,874965758
1100,1298,4.1,874965758
1100,962,2.1,874965758
1100,822,2.7,874965758
1100,1030,5.0,874965758
1100,1529,3.6,874965758
1100,1413,3.9,874965758
1100,19,3.8,874965758
1100,1214,2.8,874965758
1100,179,4.8,874965758
1100,1083,2.7,874965758
1100,435,3.4,874965758
1100,1442,3.2,874965758
1100,508,3.6,874965758
1100,1096,3.9,874965758
1100,695,2.1,874965758
1100,747,3.6,874965758
1100,1128,3.6,874965758
1100,1015,2.3,874965758
1100,677,3.3,874965758
1100,1193,5.0,874965758
1100,1108,3.2,874965758
1100,1414,5.0,874965758
1100,1377,3.7,874965758
1101,868,5.0,874965758
1101,1162,5.0,874965758
1101,927,5.0,874965758
1101,1521,5.0,874965758
1101,1301,5.0,874965758
1101,1191,5.0,874965758
1101,50,5.0,874965758
1101,181,5.0,874965758
1101,258,5.0,874965758
1101,340,2.2,874965758
1101,95,2.1,874965758
1101,773,3.6,874965758
1101,1336,3.8,874965758
1101,1233,4.6,874965758
1101,701,3.0,874965758
1101,1082,4.0,874965758
1101,625,2.6,874965758
1101,455,3.2,874965758
1101,62,3.5,874965758
1101,1527,1.0,874965758
1101,1607,2.3,874965758
1101,483,2.4,874965758
1101,459,3.0,874965758
1101,971,2.7,874965758
1101,1393,4.5,874965758
1101,541,2.9,874965758
1101,1680,3.3,874965758
1101,194,4.5,874965758
1101,1140,3.9,874965758
1101,75,2.7,874965758
1101,821,2.8,874965758
1101,497,3.5,874965758
1101,1455,1.9,874965758
1101,141,1.2,874965758
1101,1306,3.8,874965758
1101,1190,2.8,874965758
1101,622,4.7,874965758
1101,390,3.3,874965758
1101,1359,4.2,874965758
1101,369,3.6,874965758
1101,220,5.0,874965758
1101,551,3.7,874965758
1101,1238,2.5,874965758
1101,1026,3.9,874965758
1101,1085,1.8,874965758
1101,1126,3.1,874965758
1101,231,4.8,874965758
1101,273,1.7,874965758
1101,593,4.1,874965758
1101,581,2.5,874965758
1101,1031,4.5,874965758
1101,978,4.0,874965758
1101,848,3.3,874965758
1101,37,4.2,874965758
1101,105,4.4,874965758
1101,1169,1.7,874965758
1101,964,4.6,874965758
1101,1391,2.7,874965758
1101,989,4.0,874965758
1101,1145,4.6,874965758
1101,1117,4.2,874965758
1101,1570,2.8,874965758
1101,815,4.1,874965758
1101,228,4.0,874965758
1101,816,1.2,874965758
1101,33,1.2,874965758
1101,1107,3.0,874965758
1101,1363,3.3,874965758
1101,1249,3.9,874965758
1101,1078,3.9,874965758
1101,770,1.7,874965758
1101,13,4.4,874965758
1101,1260,3.1,874965758
1101,1231,2.3,874965758
1101,1177,3.8,874965758
1101,157,4.2,874965758
1101,1283,3.4,874965758
1101,824,1.6,874965758
1101,768,5.0,874965758
1102,868,5.0,874965758
1102,1162,5.0,874965758
1102,927,5.0,874965758
1102,1521,5.0,874965758
1102,1301,5.0,874965758
1102,1191,5.0,874965758
1102,50,5.0,874965758
1102,181,5.0,874965758
1102,258,5.0,874965758
1102,106,4.0,874965758
1102,1146,1.3,874965758
1102,541,1.6,874965758
1102,982,2.5,874965758
1102,896,4.1,874965758
1102,9,5.0,874965758
1102,575,1.6,874965758
1102,1428,3.9,874965758
1102,609,4.8,874965758
1102,995,2.9,874965758
1102,1408,2.6,874965758
1102,137,5.0,874965758
1102,904,3.6,874965758
1102,967,4.2,874965758
1102,1004,1.9,874965758
1102,611,1.9,874965758
1102,60,2.7,874965758
1102,1038,3.5,874965758
1102,569,4.1,874965758
1102,1596,5.0,874965758
1102,661,5.0,874965758
1102,755,2.5,874965758
1102,750,3.4,874965758
1102,813,5.0,874965758
1102,1622,3.4,874965758
1102,185,4.0,874965758
1102,1247,2.4,874965758
1102,1613,4.5,874965758
1102,1128,2.8,874965758
1102,731,3.9,874965758
1102,693,2.3,874965758
1102,1117,1.7,874965758
1102,78,4.0,874965758
1102,514,5.0,874965758
1102,1096,2.0,874965758
1102,231,2.2,874965758
1102,1254,4.0,874965758
1102,314,3.6,874965758
1102,1155,2.9,874965758
1102,856,2.9,874965758
1102,1481,2.1,874965758
1102,502,2.7,874965758
1102,276,3.5,874965758
1102,589,2.7,874965758
1102,1436,3.7,874965758
1102,1338,3.5,874965758
1102,139,2.6,874965758
1102,91,3.4,874965758
1102,568,3.8,874965758
1102,1472,4.1,874965758
1102,241,4.1,874965758
1102,96,5.0,874965758
1102,1149,2.4,874965758
1102,774,3.4,874965758
1102,422,3.1,874965758
1102,416,1.6,874965758
1102,1079,3.3,874965758
1102,484,2.1,874965758
1102,127,2.9,874965758
1102,349,2.3,874965758
1102,191,2.6,874965758
1102,469,5.0,874965758
1102,1025,3.9,874965758
1102,745,4.1,874965758
1102,1594,3.9,874965758
1102,1599,3.9,874965758
1102,1480,4.4,874965758
1102,1555,4.1,874965758
1102,240,3.2,874965758
1102,420,3.4,874965758
1103,868,5.0,874965758
1103,1162,5.0,874965758
1103,927,5.0,874965758
1103,1521,5.0,874965758
1103,1301,5.0,874965758
1103,1191,5.0,874965758
1103,50,5.0,874965758
1103,181,5.0,874965758
1103,258,5.0,874965758
1103,1221,5.0,874965758
1103,1361,3.9,874965758
1103,641,4.3,874965758
1103,679,4.2,874965758
1103,1324,5.0,874965758
1103,143,5.0,874965758
1103,879,4.7,874965758
1103,1326,3.3,874965758
1103,189,1.1,874965758
1103,136,2.5,874965758
1103,969,3.3,874965758
1103,398,4.0,874965758
1103,1481,2.5,874965758
1103,1180,2.6,874965758
1103,743,4.3,874965758
1103,972,2.4,874965758
1103,1125,4.4,874965758
1103,747,3.8,874965758
1103,159,3.2,874965758
1103,609,1.8,874965758
1103,1,3.1,874965758
1103,1152,4.6,874965758
1103,25,3.4,874965758
1103,161,3.6,874965758
1103,1464,3.2,874965758
1103,734,5.0,874965758
1103,1613,3.7,874965758
1103,61,3.6,874965758
1103,986,4.2,874965758
1103,1681,2.7,874965758
1103,571,4.6,874965758
1103,505,3.9,874965758
1103,1497,5.0,874965758
1103,831,5.0,874965758
1103,1100,4.8,874965758
1103,1137,2.6,874965758
1103,977,3.6,874965758
1103,221,5.0,874965758
1103,562,4.5,874965758
1103,1181,4.2,874965758
1103,11,1.9,874965758
1103,379,3.4,874965758
1103,896,5.0,874965758
1103,1118,3.9,874965758
1103,651,1.9,874965758
1103,539,3.3,874965758
1103,776,2.6,874965758
1103,376,3.3,874965758
1103,195,4.3,874965758
1103,183,2.3,874965758
1103,738,4.9,874965758
1103,373,4.8,874965758
1103,1077,2.1,874965758
1103,549,3.9,874965758
1103,841,3.1,874965758
1103,328,3.1,874965758
1103,1642,2.9,874965758
1103,483,2.6,874965758
1103,1482,5.0,874965758
1103,412,4.6,874965758
1103,877,5.0,874965758
1103,612,4.7,874965758
1103,290,2.4,874965758
1103,1082,4.3,874965758
1103,27,3.2,874965758
1103,150,4.1,874965758
1103,493,3.8,874965758
1103,1153,1.4,874965758
1103,588,4.5,874965758
1103,585,2.9,874965758
1104,868,5.0,874965758
1104,1162,5.0,874965758
1104,927,5.0,874965758
1104,1521,5.0,874965758
1104,1301,5.0,874965758
1104,1191,5.0,874965758
1104,50,5.0,874965758
1104,181,5.0,874965758
1104,258,5.0,874965758
1104,1053,3.9,874965758
1104,1086,1.2,874965758
1104,1508,5.0,874965758
1104,389,3.8,874965758
1104,357,3.4,874965758
1104,683,3.1,874965758
1104,1014,2.5,874965758
1104,1288,4.6,874965758
1104,1640,4.7,874965758
1104,1148,3.4,874965758
1104,1577,3.3,874965758
1104,1261,4.7,874965758
1104,1470,1.7,874965758
1104,633,2.4,874965758
1104,1214,2.4,874965758
1104,807,3.4,874965758
1104,191,1.8,874965758
1104,392,3.6,874965758
1104,1192,3.4,874965758
1104,1620,3.7,874965758
1104,1034,4.2,874965758
1104,1006,3.2,874965758
1104,702,4.8,874965758
1104,186,4.0,874965758
1104,1443,4.3,874965758
1104,472,3.2,874965758
1104,774,2.8,874965758
1104,431,5.0,874965758
1104,75,4.2,874965758
1104,1157,3.5,874965758
1104,1271,4.1,874965758
1104,220,3.1,874965758
1104,187,5.0,874965758
1104,595,2.4,874965758
1104,1259,5.0,874965758
1104,1630,3.7,874965758
1104,798,5.0,874965758
1104,806,3.0,874965758
1104,448,3.7,874965758
1104,1119,3.0,874965758
1104,124,1.9,874965758
1104,44,3.9,874965758
1104,1669,3.1,874965758
1104,1499,5.0,874965758
1104,1247,3.1,874965758
1104,1150,5.0,874965758
1104,416,2.3,874965758
1104,377,2.7,874965758
1104,776,5.0,874965758
1104,593,4.6,874965758
1104,1290,2.9,874965758
1104,206,1.9,874965758
1104,503,1.8,874965758
1104,538,3.2,874965758
1104,1530,5.0,874965758
1104,1386,3.6,874965758
1104,1592,4.7,874965758
1104,1196,2.1,874965758
1104,1185,3.4,874965758
1104,18,3.9,874965758
1104,897,4.0,874965758
1104,146,4.1,874965758
1104,751,2.8,874965758
1104,99,2.6,874965758
1104,189,1.4,874965758
1104,1667,4.9,874965758
1104,1578,5.0,874965758
1104,43,5.0,874965758
1104,924,2.2,874965758
1104,1135,4.0,874965758
1105,868,5.0,874965758
1105,1162,5.0,874965758
1105,927,5.0,874965758
1105,1521,5.0,874965758
1105,1301,5.0,874965758
1105,1191,5.0,874965758
1105,50,5.0,874965758
1105,181,5.0,874965758
1105,258,5.0,874965758
1105,1078,4.5,874965758
1105,1334,3.6,874965758
1105,611,2.6,874965758
1105,219,3.0,874965758
1105,577,2.8,874965758
1105,977,2.7,874965758
1105,1284,2.0,874965758
1105,1466,3.2,874965758
1105,989,4.3,874965758
1105,1640,3.4,874965758
1105,352,5.0,874965758
1105,1361,1.6,874965758
1105,1019,3.9,874965758
1105,523,4.5,874965758
1105,892,2.8,874965758
1105,463,4.3,874965758
1105,872,3.2,874965758
1105,1158,3.0,874965758
1105,1151,4.0,874965758
1105,1198,3.4,874965758
1105,926,2.5,874965758
1105,841,4.3,874965758
1105,239,4.1,874965758
1105,870,4.2,874965758
1105,846,3.2,874965758
1105,798,4.5,874965758
1105,1629,4.3,874965758
1105,494,2.0,874965758
1105,602,2.8,874965758
1105,1673,4.0,874965758
1105,1405,5.0,874965758
1105,222,2.7,874965758
1105,720,4.4,874965758
1105,1378,4.1,874965758
1105,80,2.1,874965758
1105,366,2.2,874965758
1105,1355,3.9,874965758
1105,1008,2.5,874965758
1105,576,1.0,874965758
1105,234,5.0,874965758
1105,374,4.1,874965758
1105,1131,4.4,874965758
1105,894,5.0,874965758
1105,1096,3.4,874965758
1105,491,2.2,874965758
1105,1210,4.1,874965758
1105,68,2.2,874965758
1105,425,1.8,874965758
1105,350,1.0,874965758
1105,1474,3.4,874965758
1105,1201,3.2,874965758
1105,210,4.1,874965758
1105,19,3.6,874965758
1105,1242,2.3,874965758
1105,62,4.1,874965758
1105,939,3.3,874965758
1105,923,4.2,874965758
1105,365,1.7,874965758
1105,609,4.1,874965758
1105,1475,3.5,874965758
1105,888,5.0,874965758
1105,672,1.7,874965758
1105,284,2.6,874965758
1105,628,3.9,874965758
1105,873,4.7,874965758
1105,618,3.6,874965758
1105,179,3.7,874965758
1105,1628,4.3,874965758
1105,455,5.0,874965758
1105,1144,4.8,874965758
1106,868,5.0,874965758
1106,1162,5.0,874965758
1106,927,5.0,874965758
1106,1521,5.0,874965758
1106,1301,5.0,874965758
1106,1191,5.0,874965758
1106,50,5.0,874965758
1106,181,5.0,874965758
1106,258,5.0,874965758
1106,1482,5.0,874965758
1106,1306,2.9,874965758
1106,302,3.2,874965758
1106,334,2.6,874965758
1106,693,4.0,874965758
1106,381,5.0,874965758
1106,518,4.3,874965758
1106,792,3.0,874965758
1106,528,3.0,874965758
1106,930,3.5,874965758
1106,999,5.0,874965758
1106,800,4.5,874965758
1106,568,2.8,874965758
1106,1223,2.9,874965758
1106,288,2.0,874965758
1106,499,2.8,874965758
1106,293,3.1,874965758
1106,495,3.9,874965758
1106,1369,4.3,874965758
1106,205,2.6,874965758
1106,312,3.5,874965758
1106,1202,3.1,874965758
1106,1428,4.9,874965758
1106,727,3.3,874965758
1106,1526,4.4,874965758
1106,430,5.0,874965758
1106,1503,2.9,874965758
1106,636,5.0,874965758
1106,1372,4.7,874965758
1106,1081,4.7,874965758
1106,807,1.6,874965758
1106,424,1.7,874965758
1106,552,4.6,874965758
1106,91,3.7,874965758
1106,1131,4.0,874965758
1106,820,2.7,874965758
1106,1176,3.6,874965758
1106,1651,5.0,874965758
1106,1159,2.5,874965758
1106,944,1.2,874965758
1106,667,1.6,874965758
1106,409,1.9,874965758
1106,309,5.0,874965758
1106,360,3.3,874965758
1106,122,3.7,874965758
1106,171,5.0,874965758
1106,206,3.7,874965758
1106,584,5.0,874965758
1106,721,3.3,874965758
1106,1339,4.9,874965758
1106,776,4.0,874965758
1106,647,5.0,874965758
1106,1049,4.2,874965758
1106,369,2.2,874965758
1106,1076,1.5,874965758
1106,511,3.0,874965758
1106,947,4.0,874965758
1106,1497,3.4,874965758
1106,919,1.7,874965758
1106,457,1.9,874965758
1106,320,4.4,874965758
1106,1166,3.4,874965758
1106,458,2.6,874965758
1106,875,3.3,874965758
1106,729,3.3,874965758
1106,1391,2.6,874965758
1106,49,5.0,874965758
1106,530,4.3,874965758
1106,111,5.0,874965758
1106,1193,3.2,874965758
1107,868,5.0,874965758
1107,1162,5.0,874965758
1107,927,5.0,874965758
1107,1521,5.0,874965758
1107,1301,5.0,874965758
1107,1191,5.0,874965758
1107,50,5.0,874965758
1107,181,5.0,874965758
1107,258,5.0,874965758
1107,20,2.2,874965758
1107,1184,1.4,874965758
1107,1142,3.2,874965758
1107,1590,3.5,874965758
1107,1230,4.3,874965758
1107,684,3.9,874965758
1107,42,5.0,874965758
1107,240,4.8,874965758
1107,124,3.5,874965758
1107,609,4.9,874965758
1107,1604,3.0,874965758
1107,1360,4.6,874965758
1107,1190,1.8,874965758
1107,969,3.5,874965758
1107,391,3.4,874965758
1107,120,3.8,874965758
1107,396,4.6,874965758
1107,1153,5.0,874965758
1107,677,4.3,874965758
1107,247,3.4,874965758
1107,1296,2.4,874965758
1107,432,4.8,874965758
1107,1284,2.9,874965758
1107,22,2.1,874965758
1107,1541,2.0,874965758
1107,912,2.2,874965758
1107,290,1.6,874965758
1107,1171,4.6,874965758
1107,177,4.1,874965758
1107,1542,5.0,874965758
1107,450,1.9,874965758
1107,245,5.0,874965758
1107,204,3.3,874965758
1107,451,3.6,874965758
1107,897,5.0,874965758
1107,107,4.8,874965758
1107,281,5.0,874965758
1107,974,3.2,874965758
1107,1007,3.7,874965758
1107,821,3.6,874965758
1107,1034,4.7,874965758
1107,263,3.1,874965758
1107,1027,4.5,874965758
1107,19,4.0,874965758
1107,1324,2.6,874965758
1107,400,5.0,874965758
1107,1494,3.1,874965758
1107,625,3.1,874965758
1107,786,1.0,874965758
1107,1219,3.2,874965758
1107,1022,5.0,874965758
1107,895,3.7,874965758
1107,1019,4.4,874965758
1107,675,3.4,874965758
1107,930,5.0,874965758
1107,353,4.6,874965758
1107,1306,5.0,874965758
1107,1642,1.9,874965758
1107,1056,2.2,874965758
1107,64,3.2,874965758
1107,210,4.5,874965758
1107,298,3.8,874965758
1107,641,3.3,874965758
1107,751,4.6,874965758
1107,1312,3.7,874965758
1107,730,4.2,874965758
1107,741,3.4,874965758
1107,1125,4.5,874965758
1107,961,2.9,874965758
1107,869,4.1,874965758
1108,868,5.0,874965758
1108,1162,5.0,874965758
1108,927,5.0,874965758
1108,1521,5.0,874965758
1108,1301,5.0,874965758
1108,1191,5.0,874965758
1108,50,5.0,874965758
1108,181,5.0,874965758
1108,258,5.0,874965758
1108,279,2.6,874965758
1108,1323,2.7,874965758
1108,144,5.0,874965758
1108,1008,4.2,874965758
1108,616,2.4,874965758
1108,1092,3.8,874965758
1108,435,4.4,874965758
1108,667,2.8,874965758
1108,308,4.6,874965758
1108,682,3.1,874965758
1108,342,5.0,874965758
1108,1097,1.0,874965758
1108,1192,3.9,874965758
1108,696,2.6,874965758
1108,176,3.5,874965758
1108,1435,3.5,874965758
1108,1248,2.4,874965758
1108,674,3.1,874965758
1108,335,3.3,874965758
1108,327,3.3,874965758
1108,1239,3.6,874965758
1108,1486,4.5,874965758
1108,822,4.2,874965758
1108,48,4.4,874965758
1108,1383,2.3,874965758
1108,209,2.9,874965758
1108,933,2.1,874965758
1108,116,1.5,874965758
1108,624,1.9,874965758
1108,992,5.0,874965758
1108,1238,3.5,874965758
1108,539,1.8,874965758
1108,98,5.0,874965758
1108,191,2.0,874965758
1108,1512,2.7,874965758
1108,997,3.2,874965758
1108,1335,3.8,874965758
1108,587,4.1,874965758
1108,1110,3.2,874965758
1108,1661,3.5,874965758
1108,16,3.1,874965758
1108,681,2.4,874965758
1108,558,3.7,874965758
1108,1654,2.6,874965758
1108,1215,2.1,874965758
1108,218,4.5,874965758
1108,1525,5.0,874965758
1108,462,4.5,874965758
1108,1139,1.3,874965758
1108,122,2.7,874965758
1108,1,2.3,874965758
1108,708,3.9,874965758
1108,15,2.1,874965758
1108,290,5.0,874965758
1108,1074,1.7,874965758
1108,1665,3.0,874965758
1108,412,5.0,874965758
1108,381,4.4,874965758
1108,1227,4.2,874965758
1108,1317,3.0,874965758
1108,63,3.8,874965758
1108,1189,4.0,874965758
1108,402,5.0,874965758
1108,1509,2.4,874965758
1108,145,3.2,874965758
1108,1131,1.2,874965758
1108,1017,3.2,874965758
1108,1263,2.3,874965758
1108,1274,2.5,874965758
1108,77,2.8,874965758
1109,868,5.0,874965758
1109,1162,5.0,874965758
1109,927,5.0,874965758
1109,1521,5.0,874965758
1109,1301,5.0,874965758
1109,1191,5.0,874965758
1109,50,5.0,874965758
1109,181,5.0,874965758
1109,258,5.0,874965758
1109,88,3.5,874965758
1109,128,4.5,874965758
1109,605,4.0,874965758
1109,943,3.8,874965758
1109,1548,5.0,874965758
1109,960,4.9,874965758
1109,1369,3.1,874965758
1109,716,3.2,874965758
1109,805,3.7,874965758
1109,622,4.2,874965758
1109,1657,3.2,874965758
1109,234,3.3,874965758
1109,188,3.1,874965758
1109,318,2.3,874965758
1109,1036,5.0,874965758
1109,172,3.3,874965758
1109,1673,1.8,874965758
1109,161,2.7,874965758
1109,767,4.2,874965758
1109,1392,4.2,874965758
1109,843,2.2,874965758
1109,804,2.8,874965758
1109,1383,3.2,874965758
1109,817,2.7,874965758
1109,1588,3.3,874965758
1109,334,4.6,874965758
1109,301,3.0,874965758
1109,551,3.5,874965758
1109,1660,4.7,874965758
1109,783,5.0,874965758
1109,667,3.2,874965758
1109,478,4.3,874965758
1109,559,3.7,874965758
1109,750,2.6,874965758
1109,1196,3.4,874965758
1109,582,2.9,874965758
1109,528,3.6,874965758
1109,966,3.5,874965758
1109,1345,2.7,874965758
1109,1325,2.6,874965758
1109,302,4.0,874965758
1109,991,2.5,874965758
1109,1165,2.2,874965758
1109,864,4.0,874965758
1109,1522,2.5,874965758
1109,416,2.9,874965758
1109,1354,4.4,874965758
1109,1044,3.1,874965758
1109,614,3.3,874965758
1109,1216,3.6,874965758
1109,1584,2.1,874965758
1109,244,2.0,874965758
1109,1066,3.5,874965758
1109,430,4.7,874965758
1109,647,3.4,874965758
1109,418,3.0,874965758
1109,1422,2.1,874965758
1109,643,2.4,874965758
1109,30,3.0,874965758
1109,527,3.3,874965758
1109,990,1.0,874965758
1109,552,2.0,874965758
1109,1487,3.8,874965758
1109,142,3.7,874965758
1109,1065,3.9,874965758
1109,1651,3.6,874965758
1109,919,2.2,874965758
1109,934,2.8,874965758
1109,178,4.1,874965758
1109,613,4.8,874965758
1110,868,5.0,874965758
1110,1162,5.0,874965758
1110,927,5.0,874965758
1110,1521,5.0,874965758
1110,1301,5.0,874965758
1110,1191,5.0,874965758
1110,50,5.0,874965758
1110,181,5.0,874965758
1110,258,5.0,874965758
1110,469,3.4,874965758
1110,738,4.4,874965758
1110,764,3.5,874965758
1110,1188,5.0,874965758
1110,708,5.0,874965758
1110,152,3.9,874965758
1110,778,3.3,874965758
1110,903,5.0,874965758
1110,688,2.7,874965758
1110,822,5.0,874965758
1110,1414,2.3,874965758
1110,943,4.6,874965758
1110,725,3.5,874965758
1110,979,3.2,874965758
1110,182,5.0,874965758
1110,1316,3.8,874965758
1110,902,2.7,874965758
1110,1022,1.3,874965758
1110,1006,5.0,874965758
1110,749,5.0,874965758
1110,1226,2.9,874965758
1110,209,4.1,874965758
1110,390,2.8,874965758
1110,1376,3.3,874965758
1110,1324,4.1,874965758
1110,870,3.6,874965758
1110,1019,3.3,874965758
1110,786,3.7,874965758
1110,886,4.8,874965758
1110,967,5.0,874965758
1110,523,4.8,874965758
1110,509,4.3,874965758
1110,916,3.6,874965758
1110,942,1.1,874965758
1110,388,3.2,874965758
1110,502,3.7,874965758
1110,854,2.7,874965758
1110,350,3.4,874965758
1110,239,3.4,874965758
1110,403,3.7,874965758
1110,1173,2.9,874965758
1110,363,1.7,874965758
1110,522,2.5,874965758
1110,93,1.0,874965758
1110,788,4.0,874965758
1110,1484,3.5,874965758
1110,1370,1.0,874965758
1110,1017,2.1,874965758
1110,1302,3.0,874965758
1110,236,1.1,874965758
1110,1347,4.1,874965758
1110,1015,2.2,874965758
1110,1460,3.3,874965758
1110,1234,2.4,874965758
1110,111,4.5,874965758
1110,1273,2.0,874965758
1110,67,5.0,874965758
1110,590,2.5,874965758
1110,131,4.6,874965758
1110,619,3.8,874965758
1110,1116,5.0,874965758
1110,636,2.6,874965758
1110,1542,4.5,874965758
1110,1437,3.0,874965758
1110,1345,1.8,874965758
1110,78,3.5,874965758
1110,291,4.3,874965758
1110,566,3.7,874965758
1110,1278,4.9,874965758
1110,135,5.0,874965758
1111,868,5.0,874965758
1111,1162,5.0,874965758
1111,927,5.0,874965758
1111,1521,5.0,874965758
1111,1301,5.0,874965758
1111,1191,5.0,874965758
1111,50,5.0,874965758
1111,181,5.0,874965758
1111,258,5.0,874965758
1111,481,2.0,874965758
1111,1455,5.0,874965758
1111,1237,1.5,874965758
1111,231,3.4,874965758
1111,872,2.6,874965758
1111,578,1.4,874965758
1111,3,4.4,874965758
1111,794,3.3,874965758
1111,116,2.8,874965758
1111,1410,4.6,874965758
1111,965,4.4,874965758
1111,501,3.2,874965758
1111,1259,3.5,874965758
1111,222,1.8,874965758
1111,265,2.2,874965758
1111,1242,5.0,874965758
1111,1409,5.0,874965758
1111,1453,3.9,874965758
1111,1553,2.3,874965758
1111,1568,5.0,874965758
1111,760,5.0,874965758
1111,534,4.1,874965758
1111,71,4.2,874965758
1111,732,1.8,874965758
1111,521,2.7,874965758
1111,1408,4.4,874965758
1111,665,4.2,874965758
1111,63,3.7,874965758
1111,1682,2.7,874965758
1111,1150,2.5,874965758
1111,1662,4.7,874965758
1111,843,2.1,874965758
1111,8,2.8,874965758
1111,1097,4.5,874965758
1111,1038,3.5,874965758
1111,810,4.0,874965758
1111,1490,2.9,874965758
1111,1051,4.0,874965758
1111,1605,2.3,874965758
1111,459,5.0,874965758
1111,149,2.6,874965758
1111,1111,3.3,874965758
1111,1201,3.9,874965758
1111,416,3.9,874965758
1111,420,3.5,874965758
1111,261,3.2,874965758
1111,1095,4.8,874965758
1111,290,3.4,874965758
1111,279,2.6,874965758
1111,145,3.3,874965758
1111,1218,4.9,874965758
1111,772,3.0,874965758
1111,1523,3.6,874965758
1111,1041,4.3,874965758
1111,366,3.5,874965758
1111,437,1.5,874965758
1111,1119,3.7,874965758
1111,1137,3.0,874965758
1111,946,4.3,874965758
1111,448,3.8,874965758
1111,1654,4.3,874965758
1111,1616,3.6,874965758
1111,876,3.5,874965758
1111,980,2.0,874965758
1111,1012,2.1,874965758
1111,947,2.4,874965758
1111,1489,5.0,874965758
1111,23,3.3,874965758
1111,824,3.5,874965758
1111,359,3.0,874965758
1112,868,5.0,874965758
1112,1162,5.0,874965758
1112,927,5.0,874965758
1112,1521,5.0,874965758
1112,1301,5.0,874965758
1112,1191,5.0,874965758
1112,50,5.0,874965758
1112,181,5.0,874965758
1112,258,5.0,874965758
1112,1572,4.3,874965758
1112,916,1.5,874965758
1112,1324,4.1,874965758
1112,1249,4.7,874965758
1112,900,4.4,874965758
1112,1326,3.8,874965758
1112,522,4.8,874965758
1112,639,4.0,874965758
1112,396,2.7,874965758
1112,357,4.6,874965758
1112,1305,5.0,874965758
1112,765,4.3,874965758
1112,778,2.5,874965758
1112,1371,4.8,874965758
1112,1313,4.9,874965758
1112,710,4.8,874965758
1112,760,4.5,874965758
1112,1487,5.0,874965758
1112,1053,3.0,874965758
1112,1016,2.8,874965758
1112,523,2.2,874965758
1112,991,3.7,874965758
1112,296,1.0,874965758
1112,967,4.3,874965758
1112,587,4.7,874965758
1112,1174,3.6,874965758
1112,1049,2.1,874965758
1112,260,4.4,874965758
1112,1354,2.9,874965758
1112,1178,4.1,874965758
1112,820,3.4,874965758
1112,342,3.8,874965758
1112,97,3.7,874965758
1112,262,2.0,874965758
1112,532,3.4,874965758
1112,100,2.4,874965758
1112,712,2.8,874965758
1112,149,4.3,874965758
1112,887,3.3,874965758
1112,1091,2.3,874965758
1112,709,3.6,874965758
1112,225,2.2,874965758
1112,1628,2.7,874965758
1112,668,1.8,874965758
1112,1554,4.5,874965758
1112,610,5.0,874965758
1112,1074,3.2,874965758
1112,1368,3.2,874965758
1112,932,4.1,874965758
1112,1208,3.7,874965758
1112,1228,3.8,874965758
1112,1451,2.5,874965758
1112,8,3.0,874965758
1112,608,3.1,874965758
1112,679,3.7,874965758
1112,762,3.3,874965758
1112,1202,2.9,874965758
1112,276,3.5,874965758
1112,795,3.5,874965758
1112,11,4.9,874965758
1112,145,2.6,874965758
1112,166,2.7,874965758
1112,116,3.5,874965758
1112,304,1.8,874965758
1112,1040,2.0,874965758
1112,1442,3.9,874965758
1112,241,4.0,874965758
1112,144,4.0,874965758
1112,112,5.0,874965758
1112,409,5.0,874965758
1113,868,5.0,874965758
1113,1162,5.0,874965758
1113,927,5.0,874965758
1113,1521,5.0,874965758
1113,1301,5.0,874965758
1113,1191,5.0,874965758
1113,50,5.0,874965758
1113,181,5.0,874965758
1113,258,5.0,874965758
1113,1250,4.1,874965758
1113,1418,1.8,874965758
1113,1661,2.7,874965758
1113,124,3.9,874965758
1113,510,4.1,874965758
1113,520,4.3,874965758
1113,1620,2.4,874965758
1113,376,3.7,874965758
1113,241,4.8,874965758
1113,1251,4.4,874965758
1113,761,3.5,874965758
1113,874,1.0,874965758
1113,1110,4.5,874965758
1113,1608,3.3,874965758
1113,1267,3.0,874965758
1113,628,2.6,874965758
1113,27,3.2,874965758
1113,1050,3.0,874965758
1113,1367,2.9,874965758
1113,1194,5.0,874965758
1113,1316,4.3,874965758
1113,900,4.5,874965758
1113,1677,3.2,874965758
1113,760,3.9,874965758
1113,359,3.6,874965758
1113,523,3.5,874965758
1113,609,2.6,874965758
1113,516,4.6,874965758
1113,372,4.3,874965758
1113,1241,4.2,874965758
1113,642,5.0,874965758
1113,1585,2.4,874965758
1113,880,5.0,874965758
1113,935,2.9,874965758
1113,229,3.3,874965758
1113,1625,4.5,874965758
1113,37,3.2,874965758
1113,458,3.6,874965758
1113,260,5.0,874965758
1113,410,1.2,874965758
1113,1253,3.3,874965758
1113,1006,4.0,874965758
1113,218,2.5,874965758
1113,1312,3.0,874965758
1113,1126,3.6,874965758
1113,1076,4.7,874965758
1113,1325,3.2,874965758
1113,1376,3.3,874965758
1113,884,4.3,874965758
1113,1519,3.2,874965758
1113,514,1.0,874965758
1113,956,4.3,874965758
1113,942,5.0,874965758
1113,1019,4.2,874965758
1113,1552,2.2,874965758
1113,963,5.0,874965758
1113,1347,4.9,874965758
1113,1489,4.0,874965758
1113,804,2.5,874965758
1113,1627,3.6,874965758
1113,467,4.5,874965758
1113,807,1.0,874965758
1113,2,3.8,874965758
1113,1035,2.3,874965758
1113,1065,3.0,874965758
1113,1047,4.8,874965758
1113,1018,5.0,874965758
1113,89,5.0,874965758
1113,315,3.8,874965758
1113,1591,5.0,874965758
1114,868,5.0,874965758
1114,1162,5.0,874965758
1114,927,5.0,874965758
1114,1521,5.0,874965758
1114,1301,5.0,874965758
1114,1191,5.0,874965758
1114,50,5.0,874965758
1114,181,5.0,874965758
1114,258,5.0,874965758
1114,454,3.7,874965758
1114,453,3.3,874965758
1114,218,4.0,874965758
1114,1107,1.9,874965758
1114,71,1.8,874965758
1114,209,3.8,874965758
1114,1068,3.5,874965758
1114,1625,2.9,874965758
1114,730,2.5,874965758
1114,768,3.7,874965758
1114,824,1.0,874965758
1114,1234,3.4,874965758
1114,1379,4.9,874965758
1114,1079,2.7,874965758
1114,237,4.2,874965758
1114,1302,4.0,874965758
1114,449,4.7,874965758
1114,1403,2.9,874965758
1114,398,3.4,874965758
1114,106,4.8,874965758
1114,62,2.5,874965758
1114,302,1.6,874965758
1114,1597,2.5,874965758
1114,1175,4.5,874965758
1114,142,4.3,874965758
1114,1345,3.2,874965758
1114,1203,3.1,874965758
1114,464,2.8,874965758
1114,624,3.9,874965758
1114,722,3.5,874965758
1114,1039,4.9,874965758
1114,41,2.3,874965758
1114,220,3.3,874965758
1114,751,5.0,874965758
1114,277,4.8,874965758
1114,914,2.4,874965758
1114,984,3.0,874965758
1114,1439,2.2,874965758
1114,110,3.8,874965758
1114,1358,1.0,874965758
1114,1554,3.9,874965758
1114,960,2.7,874965758
1114,1603,5.0,874965758
1114,883,3.9,874965758
1114,1672,1.8,874965758
1114,1095,3.3,874965758
1114,1547,4.1,874965758
1114,1435,1.0,874965758
1114,1481,4.0,874965758
1114,963,5.0,874965758
1114,553,3.6,874965758
1114,1442,3.7,874965758
1114,293,2.4,874965758
1114,548,5.0,874965758
1114,67,2.4,874965758
1114,1190,5.0,874965758
1114,1021,3.6,874965758
1114,319,2.9,874965758
1114,1071,5.0,874965758
1114,1082,2.4,874965758
1114,1166,3.2,874965758
1114,471,4.4,874965758
1114,1001,2.0,874965758
1114,1401,3.6,874965758
1114,1192,2.2,874965758
1114,887,2.9,874965758
1114,135,4.7,874965758
1114,1267,2.9,874965758
1114,944,4.1,874965758
1114,1,4.5,874965758
1115,868,5.0,874965758
1115,1162,5.0,874965758
1115,927,5.0,874965758
1115,1521,5.0,874965758
1115,1301,5.0,874965758
1115,1191,5.0,874965758
1115,50,5.0,874965758
1115,181,5.0,874965758
1115,258,5.0,874965758
1115,489,3.3,874965758
1115,577,2.7,874965758
1115,632,2.2,874965758
1115,339,2.3,874965758
1115,770,5.0,874965758
1115,1676,3.4,874965758
1115,232,3.9,874965758
1115,725,3.7,874965758
1115,727,2.3,874965758
1115,6,3.0,874965758
1115,163,2.5,874965758
1115,760,3.3,874965758
1115,192,4.3,874965758
1115,947,3.8,874965758
1115,966,4.0,874965758
1115,817,3.3,874965758
1115,458,3.3,874965758
1115,1653,4.5,874965758
1115,706,4.4,874965758
1115,1011,3.5,874965758
1115,741,2.8,874965758
1115,590,3.1,874965758
1115,277,4.9,874965758
1115,1111,1.7,874965758
1115,895,4.5,874965758
1115,1445,2.1,874965758
1115,1283,1.8,874965758
1115,547,4.5,874965758
1115,558,4.5,874965758
1115,1529,5.0,874965758
1115,1065,4.2,874965758
1115,341,3.3,874965758
1115,1161,4.9,874965758
1115,812,4.4,874965758
1115,563,5.0,874965758
1115,933,2.7,874965758
1115,1415,2.8,874965758
1115,1125,4.1,874965758
1115,1425,5.0,874965758
1115,1016,1.0,874965758
1115,25,4.2,874965758
1115,1321,2.2,874965758
1115,79,4.9,874965758
1115,1085,4.5,874965758
1115,40,5.0,874965758
1115,281,4.5,874965758
1115,161,3.6,874965758
1115,600,2.4,874965758
1115,307,2.4,874965758
1115,348,3.9,874965758
1115,520,4.4,874965758
1115,674,3.8,874965758
1115,944,3.4,874965758
1115,618,2.2,874965758
1115,932,1.3,874965758
1115,664,4.6,874965758
1115,646,3.1,874965758
1115,548,4.3,874965758
1115,54,5.0,874965758
1115,512,3.5,874965758
1115,1542,4.2,874965758
1115,876,3.5,874965758
1115,140,2.5,874965758
1115,750,4.6,874965758
1115,714,5.0,874965758
1115,875,4.0,874965758
1115,904,4.7,874965758
1115,1152,4.5,874965758
1115,1441,3.6,874965758
1115,497,5.0,874965758
1116,868,5.0,874965758
1116,1162,5.0,874965758
1116,927,5.0,874965758
1116,1521,5.0,874965758
1116,1301,5.0,874965758
1116,1191,5.0,874965758
1116,50,5.0,874965758
1116,181,5.0,874965758
1116,258,5.0,874965758
1116,218,4.9,874965758
1116,242,3.1,874965758
1116,1616,1.0,874965758
1116,910,2.9,874965758
1116,884,2.5,874965758
1116,249,3.0,874965758
1116,1496,3.2,874965758
1116,376,3.3,874965758
1116,735,2.9,874965758
1116,1407,1.0,874965758
1116,809,3.2,874965758
1116,11,5.0,874965758
1116,1488,3.5,874965758
1116,227,2.5,874965758
1116,473,3.3,874965758
1116,714,4.3,874965758
1116,254,3.8,874965758
1116,281,3.2,874965758
1116,616,4.8,874965758
1116,400,4.3,874965758
1116,1010,4.7,874965758
1116,1035,3.8,874965758
1116,1253,3.3,874965758
1116,421,3.4,874965758
1116,625,2.0,874965758
1116,220,3.4,874965758
1116,620,1.9,874965758
1116,527,4.0,874965758
1116,977,4.5,874965758
1116,1354,2.4,874965758
1116,980,2.4,874965758
1116,29,4.2,874965758
1116,682,5.0,874965758
1116,335,2.6,874965758
1116,247,4.6,874965758
1116,62,2.0,874965758
1116,587,5.0,874965758
1116,122,4.9,874965758
1116,1018,3.0,874965758
1116,761,4.4,874965758
1116,1656,3.0,874965758
1116,1588,3.0,874965758
1116,1161,2.8,874965758
1116,1189,4.2,874965758
1116,151,3.9,874965758
1116,1113,3.6,874965758
1116,1614,4.6,874965758
1116,1437,4.0,874965758
1116,793,3.7,874965758
1116,152,3.4,874965758
1116,786,4.2,874965758
1116,1270,4.5,874965758
1116,359,2.3,874965758
1116,1077,3.6,874965758
1116,1223,4.2,874965758
1116,653,5.0,874965758
1116,223,3.0,874965758
1116,886,2.6,874965758
1116,82,3.4,874965758
1116,1116,2.8,874965758
1116,1058,3.3,874965758
1116,1558,4.2,874965758
1116,110,3.3,874965758
1116,681,4.2,874965758
1116,1258,3.0,874965758
1116,36,4.9,874965758
1116,1529,3.8,874965758
1116,401,3.8,874965758
1116,1176,3.7,874965758
1116,361,2.5,874965758
1117,868,5.0,874965758
1117,1162,5.0,874965758
1117,927,5.0,874965758
1117,1521,5.0,874965758
1117,1301,5.0,874965758
1117,1191,5.0,874965758
1117,50,5.0,874965758
1117,181,5.0,874965758
1117,258,5.0,874965758
1117,437,2.5,874965758
1117,1637,2.6,874965758
1117,367,4.5,874965758
1117,505,4.5,874965758
1117,1623,3.1,874965758
1117,1165,2.8,874965758
1117,234,2.3,874965758
1117,1657,4.5,874965758
1117,1526,5.0,874965758
1117,553,3.1,874965758
1117,373,4.3,874965758
1117,967,3.5,874965758
1117,911,3.1,874965758
1117,745,2.6,874965758
1117,1503,2.2,874965758
1117,1496,4.5,874965758
1117,1602,5.0,874965758
1117,770,1.9,874965758
1117,379,1.3,874965758
1117,1470,5.0,874965758
1117,1145,4.3,874965758
1117,1121,4.0,874965758
1117,1053,3.1,874965758
1117,1620,5.0,874965758
1117,1154,5.0,874965758
1117,577,5.0,874965758
1117,314,3.7,874965758
1117,489,3.2,874965758
1117,475,2.9,874965758
1117,1153,3.5,874965758
1117,1132,4.6,874965758
1117,366,3.7,874965758
1117,952,5.0,874965758
1117,963,4.8,874965758
1117,1559,2.0,874965758
1117,827,2.2,874965758
1117,1626,2.6,874965758
1117,114,3.3,874965758
1117,1567,4.7,874965758
1117,694,3.3,874965758
1117,1222,2.2,874965758
1117,539,3.4,874965758
1117,595,2.4,874965758
1117,1544,2.6,874965758
1117,841,3.2,874965758
1117,1558,5.0,874965758
1117,465,4.1,874965758
1117,725,4.3,874965758
1117,280,4.0,874965758
1117,884,3.5,874965758
1117,1315,3.1,874965758
1117,228,1.5,874965758
1117,802,4.2,874965758
1117,1619,2.9,874965758
1117,1389,2.6,874965758
1117,458,1.8,874965758
1117,979,3.6,874965758
1117,1663,3.8,874965758
1117,535,2.4,874965758
1117,509,5.0,874965758
1117,685,3.4,874965758
1117,226,4.2,874965758
1117,747,3.4,874965758
1117,1003,5.0,874965758
1117,1528,2.6,874965758
1117,529,4.3,874965758
1117,1406,3.3,874965758
1117,560,4.2,874965758
1117,592,2.0,874965758
1117,945,5.0,874965758
1118,868,5.0,874965758
1118,1162,5.0,874965758
1118,927,5.0,874965758
1118,1521,5.0,874965758
1118,1301,5.0,874965758
1118,1191,5.0,874965758
1118,50,5.0,874965758
1118,181,5.0,874965758
1118,258,5.0,874965758
1118,801,2.8,874965758
1118,760,3.3,874965758
1118,619,3.0,874965758
1118,277,3.8,874965758
1118,860,3.4,874965758
1118,865,3.1,874965758
1118,866,2.4,874965758
1118,567,1.2,874965758
1118,1518,2.5,874965758
1118,1342,4.9,874965758
1118,1339,2.8,874965758
1118,1244,3.9,874965758
1118,1292,3.5,874965758
1118,681,4.2,874965758
1118,78,3.2,874965758
1118,1034,2.7,874965758
1118,1573,4.9,874965758
1118,511,4.1,874965758
1118,142,3.7,874965758
1118,117,2.2,874965758
1118,457,3.0,874965758
1118,307,5.0,874965758
1118,4,4.6,874965758
1118,612,2.0,874965758
1118,1150,1.7,874965758
1118,264,4.3,874965758
1118,1675,4.8,874965758
1118,917,2.0,874965758
1118,80,1.2,874965758
1118,375,2.6,874965758
1118,979,1.5,874965758
1118,1058,2.4,874965758
1118,381,2.8,874965758
1118,1333,2.7,874965758
1118,305,4.4,874965758
1118,940,3.0,874965758
1118,1423,3.9,874965758
1118,1054,2.0,874965758
1118,1595,5.0,874965758
1118,692,3.4,874965758
1118,580,1.7,874965758
1118,492,3.6,874965758
1118,111,3.4,874965758
1118,1400,3.9,874965758
1118,24,2.8,874965758
1118,715,3.0,874965758
1118,1436,4.5,874965758
1118,1528,5.0,874965758
1118,504,3.8,874965758
1118,257,2.6,874965758
1118,419,5.0,874965758
1118,1428,4.7,874965758
1118,1081,3.4,874965758
1118,491,1.8,874965758
1118,1028,3.3,874965758
1118,271,1.3,874965758
1118,322,3.3,874965758
1118,1466,2.3,874965758
1118,627,1.9,874965758
1118,373,4.8,874965758
1118,887,3.9,874965758
1118,555,3.9,874965758
1118,706,4.3,874965758
1118,272,3.4,874965758
1118,1591,2.2,874965758
1118,1169,4.7,874965758
1118,913,4.2,874965758
1118,841,4.8,874965758
1118,325,3.1,874965758
1118,70,4.2,874965758
1119,868,5.0,874965758
1119,1162,5.0,874965758
1119,927,5.0,874965758
1119,1521,5.0,874965758
1119,1301,5.0,874965758
1119,1191,5.0,874965758
1119,50,5.0,874965758
1119,181,5.0,874965758
1119,258,5.0,874965758
1119,683,3.2,874965758
1119,248,2.9,874965758
1119,1058,2.3,874965758
1119,457,4.3,874965758
1119,1247,3.1,874965758
1119,1222,2.1,874965758
1119,1671,2.6,874965758
1119,811,3.6,874965758
1119,1489,3.3,874965758
1119,1071,2.9,874965758
1119,1078,2.4,874965758
1119,741,3.7,874965758
1119,774,1.9,874965758
1119,194,5.0,874965758
1119,1634,5.0,874965758
1119,305,1.5,874965758
1119,1624,3.1,874965758
1119,302,4.4,874965758
1119,237,5.0,874965758
1119,1092,3.6,874965758
1119,88,3.0,874965758
1119,1632,4.3,874965758
1119,1011,4.1,874965758
1119,1090,2.4,874965758
1119,1199,3.5,874965758
1119,1524,5.0,874965758
1119,1145,1.6,874965758
1119,793,4.2,874965758
1119,308,2.8,874965758
1119,933,4.4,874965758
1119,497,5.0,874965758
1119,1401,2.9,874965758
1119,1124,3.1,874965758
1119,1256,5.0,874965758
1119,733,3.8,874965758
1119,600,3.5,874965758
1119,374,4.3,874965758
1119,1293,5.0,874965758
1119,344,2.8,874965758
1119,751,2.1,874965758
1119,1031,1.0,874965758
1119,1051,4.2,874965758
1119,162,4.0,874965758
1119,544,3.6,874965758
1119,44,3.8,874965758
1119,655,3.9,874965758
1119,671,3.7,874965758
1119,1287,2.4,874965758
1119,1591,1.1,874965758
1119,422,2.6,874965758
1119,708,3.6,874965758
1119,1638,1.8,874965758
1119,413,5.0,874965758
1119,940,2.5,874965758
1119,1618,4.0,874965758
1119,1337,5.0,874965758
1119,1067,1.8,874965758
1119,971,1.7,874965758
1119,43,2.1,874965758
1119,1570,2.8,874965758
1119,978,4.7,874965758
1119,1044,4.1,874965758
1119,856,3.8,874965758
1119,1195,3.8,874965758
1119,611,3.8,874965758
1119,763,2.6,874965758
1119,1353,4.3,874965758
1119,299,3.0,874965758
1119,456,4.8,874965758
1119,606,3.9,874965758
1120,868,5.0,874965758
1120,1162,5.0,874965758
1120,927,5.0,874965758
1120,1521,5.0,874965758
1120,1301,5.0,874965758
1120,1191,5.0,874965758
1120,50,5.0,874965758
1120,181,5.0,874965758
1120,258,5.0,874965758
1120,1047,3.6,874965758
1120,1002,4.7,874965758
1120,393,5.0,874965758
1120,1102,3.6,874965758
1120,280,1.8,874965758
1120,361,2.6,874965758
1120,660,1.7,874965758
1120,1421,3.2,874965758
1120,292,3.2,874965758
1120,1359,2.6,874965758
1120,91,2.1,874965758
1120,654,1.5,874965758
1120,1318,1.7,874965758
1120,1677,4.5,874965758
1120,974,5.0,874965758
1120,1259,2.6,874965758
1120,351,3.1,874965758
1120,1293,2.0,874965758
1120,1375,2.5,874965758
1120,827,4.2,874965758
1120,1011,2.3,874965758
1120,232,4.3,874965758
1120,1110,5.0,874965758
1120,94,2.9,874965758
1120,179,3.3,874965758
1120,567,3.4,874965758
1120,1018,3.7,874965758
1120,740,3.4,874965758
1120,250,3.9,874965758
1120,1518,3.3,874965758
1120,1118,2.4,874965758
1120,844,4.2,874965758
1120,679,5.0,874965758
1120,935,3.9,874965758
1120,693,1.9,874965758
1120,465,2.3,874965758
1120,359,2.7,874965758
1120,1514,2.3,874965758
1120,928,2.8,874965758
1120,1171,5.0,874965758
1120,1411,4.7,874965758
1120,1606,3.4,874965758
1120,1299,3.8,874965758
1120,60,5.0,874965758
1120,975,3.5,874965758
1120,795,3.6,874965758
1120,157,3.1,874965758
1120,1242,3.6,874965758
1120,87,3.0,874965758
1120,28,4.0,874965758
1120,1654,4.6,874965758
1120,308,4.8,874965758
1120,453,3.9,874965758
1120,962,1.3,874965758
1120,112,3.0,874965758
1120,1393,3.5,874965758
1120,434,3.7,874965758
1120,338,2.0,874965758
1120,1147,3.5,874965758
1120,1298,3.4,874965758
1120,356,5.0,874965758
1120,267,3.5,874965758
1120,1573,3.4,874965758
1120,978,2.7,874965758
1120,1570,3.4,874965758
1120,864,1.8,874965758
1120,1319,4.0,874965758
1120,113,3.2,874965758
1120,966,5.0,874965758
1120,486,2.9,874965758
1121,868,5.0,874965758
1121,1162,5.0,874965758
1121,927,5.0,874965758
1121,1521,5.0,874965758
1121,1301,5.0,874965758
1121,1191,5.0,874965758
1121,50,5.0,874965758
1121,181,5.0,874965758
1121,258,5.0,874965758
1121,1234,5.0,874965758
1121,1538,3.2,874965758
1121,567,2.1,874965758
1121,126,3.4,874965758
1121,336,5.0,874965758
1121,880,3.6,874965758
1121,1144,3.0,874965758
1121,289,3.0,874965758
1121,108,2.2,874965758
1121,972,3.4,874965758
1121,1399,3.1,874965758
1121,1164,4.4,874965758
1121,341,3.8,874965758
1121,1176,3.4,874965758
1121,213,2.6,874965758
1121,242,3.2,874965758
1121,1576,4.6,874965758
1121,1080,1.5,874965758
1121,145,5.0,874965758
1121,1666,4.1,874965758
1121,672,2.2,874965758
1121,584,2.7,874965758
1121,1228,2.4,874965758
1121,1274,4.2,874965758
1121,166,3.4,874965758
1121,543,4.0,874965758
1121,1277,2.0,874965758
1121,197,1.3,874965758
1121,270,2.1,874965758
1121,1630,2.1,874965758
1121,462,3.6,874965758
1121,1534,3.6,874965758
1121,1400,2.7,874965758
1121,264,2.7,874965758
1121,1328,3.3,874965758
1121,148,3.8,874965758
1121,380,2.3,874965758
1121,1088,5.0,874965758
1121,1142,3.1,874965758
1121,831,2.3,874965758
1121,1635,2.8,874965758
1121,878,4.1,874965758
1121,625,4.6,874965758
1121,1605,4.4,874965758
1121,1367,4.7,874965758
1121,975,4.5,874965758
1121,782,4.7,874965758
1121,1342,3.7,874965758
1121,865,4.0,874965758
1121,1146,2.7,874965758
1121,494,3.0,874965758
1121,1355,3.0,874965758
1121,928,3.0,874965758
1121,1252,2.2,874965758
1121,156,3.9,874965758
1121,426,3.8,874965758
1121,1395,3.1,874965758
1121,660,4.8,874965758
1121,291,4.0,874965758
1121,810,3.0,874965758
1121,1108,4.2,874965758
1121,1661,3.6,874965758
1121,724,3.3,874965758
1121,174,2.8,874965758
1121,508,3.1,874965758
1121,385,2.8,874965758
1121,209,4.3,874965758
1121,1514,2.4,874965758
1121,1466,2.8,874965758
1121,553,5.0,874965758
1122,868,5.0,874965758
1122,1162,5.0,874965758
1122,927,5.0,874965758
1122,1521,5.0,874965758
1122,1301,5.0,874965758
1122,1191,5.0,874965758
1122,50,5.0,874965758
1122,181,5.0,874965758
1122,258,5.0,874965758
1122,1638,5.0,874965758
1122,722,2.9,874965758
1122,864,3.0,874965758
1122,1085,3.0,874965758
1122,840,3.8,874965758
1122,672,1.8,874965758
1122,1329,1.8,874965758
1122,1164,5.0,874965758
1122,180,3.2,874965758
1122,1655,4.7,874965758
1122,588,4.2,874965758
1122,1012,1.0,874965758
1122,1170,3.1,874965758
1122,1237,1.9,874965758
1122,1155,3.8,874965758
1122,1371,3.1,874965758
1122,817,2.9,874965758
1122,16,4.3,874965758
1122,1217,2.6,874965758
1122,1225,2.5,874965758
1122,321,2.5,874965758
1122,267,3.0,874965758
1122,1295,1.4,874965758
1122,393,4.9,874965758
1122,189,5.0,874965758
1122,1208,3.0,874965758
1122,709,4.4,874965758
1122,1548,2.7,874965758
1122,545,1.8,874965758
1122,702,2.0,874965758
1122,322,4.5,874965758
1122,1574,4.7,874965758
1122,1137,3.2,874965758
1122,1223,3.1,874965758
1122,751,3.2,874965758
1122,726,3.7,874965758
1122,1241,4.0,874965758
1122,651,4.0,874965758
1122,866,2.6,874965758
1122,116,2.8,874965758
1122,469,4.7,874965758
1122,1524,1.4,874965758
1122,1396,4.0,874965758
1122,744,4.0,874965758
1122,1187,2.9,874965758
1122,306,5.0,874965758
1122,578,2.8,874965758
1122,422,3.5,874965758
1122,922,3.4,874965758
1122,293,3.6,874965758
1122,1418,4.1,874965758
1122,1539,4.2,874965758
1122,1122,2.2,874965758
1122,796,5.0,874965758
1122,145,1.7,874965758
1122,860,4.2,874965758
1122,22,4.4,874965758
1122,1049,2.0,874965758
1122,161,4.4,874965758
1122,765,4.1,874965758
1122,307,4.4,874965758
1122,1078,4.3,874965758
1122,1601,2.2,874965758
1122,1661,3.9,874965758
1122,1065,1.9,874965758
1122,217,4.0,874965758
1122,1645,2.0,874965758
1122,534,3.3,874965758
1122,1431,3.3,874965758
1122,437,3.5,874965758
1123,868,5.0,874965758
1123,1162,5.0,874965758
1123,927,5.0,874965758
1123,1521,5.0,874965758
1123,1301,5.0,874965758
1123,1191,5.0,874965758
1123,50,5.0,874965758
1123,181,5.0,874965758
1123,258,5.0,874965758
1123,96,4.1,874965758
1123,148,2.7,874965758
1123,9,4.7,874965758
1123,498,5.0,874965758
1123,543,1.7,874965758
1123,1228,4.2,874965758
1123,841,3.4,874965758
1123,902,3.2,874965758
1123,58,1.4,874965758
1123,906,4.4,874965758
1123,1465,5.0,874965758
1123,1062,4.1,874965758
1123,1300,2.1,874965758
1123,1171,3.3,874965758
1123,1207,3.6,874965758
1123,535,3.6,874965758
1123,714,3.7,874965758
1123,107,4.5,874965758
1123,177,3.4,874965758
1123,1663,5.0,874965758
1123,869,4.3,874965758
1123,551,2.8,874965758
1123,546,3.8,874965758
1123,1238,3.0,874965758
1123,122,2.6,874965758
1123,719,2.0,874965758
1123,1325,3.8,874965758
1123,1639,1.7,874965758
1123,1393,1.0,874965758
1123,926,3.3,874965758
1123,1342,2.2,874965758
1123,1188,3.4,874965758
1123,994,3.0,874965758
1123,497,3.2,874965758
1123,1443,2.7,874965758
1123,900,4.4,874965758
1123,701,4.0,874965758
1123,1610,2.3,874965758
1123,1351,4.9,874965758
1123,1470,3.9,874965758
1123,877,4.5,874965758
1123,915,5.0,874965758
1123,1083,2.9,874965758
1123,1390,4.3,874965758
1123,342,2.6,874965758
1123,844,3.5,874965758
1123,1517,1.1,874965758
1123,130,4.0,874965758
1123,256,3.5,874965758
1123,945,3.8,874965758
1123,139,1.5,874965758
1123,1161,3.5,874965758
1123,249,4.9,874965758
1123,477,1.7,874965758
1123,837,2.5,874965758
1123,243,4.8,874965758
1123,807,2.4,874965758
1123,344,3.2,874965758
1123,1277,1.7,874965758
1123,1311,4.0,874965758
1123,66,3.6,874965758
1123,608,4.1,874965758
1123,552,2.9,874965758
1123,1028,3.2,874965758
1123,1634,3.5,874965758
1123,938,3.7,874965758
1123,507,3.2,874965758
1123,696,3.9,874965758
1123,1566,2.5,874965758
1123,354,2.9,874965758
1124,868,5.0,874965758
1124,1162,5.0,874965758
1124,927,5.0,874965758
1124,1521,5.0,874965758
1124,1301,5.0,874965758
1124,1191,5.0,874965758
1124,50,5.0,874965758
1124,181,5.0,874965758
1124,258,5.0,874965758
1124,1158,4.7,874965758
1124,326,3.1,874965758
1124,499,1.9,874965758
1124,953,4.0,874965758
1124,1324,4.3,874965758
1124,1104,3.1,874965758
1124,665,4.7,874965758
1124,240,4.1,874965758
1124,1664,3.7,874965758
1124,1618,5.0,874965758
1124,222,4.8,874965758
1124,524,1.7,874965758
1124,1038,2.8,874965758
1124,296,4.4,874965758
1124,1295,2.9,874965758
1124,301,3.0,874965758
1124,1245,3.8,874965758
1124,1396,3.2,874965758
1124,1506,4.7,874965758
1124,817,5.0,874965758
1124,422,4.3,874965758
1124,1226,4.1,874965758
1124,884,4.4,874965758
1124,1050,4.4,874965758
1124,616,5.0,874965758
1124,1120,5.0,874965758
1124,941,5.0,874965758
1124,471,1.4,874965758
1124,1261,5.0,874965758
1124,399,4.6,874965758
1124,1041,3.3,874965758
1124,860,4.8,874965758
1124,88,2.5,874965758
1124,1020,1.0,874965758
1124,597,2.1,874965758
1124,1313,2.0,874965758
1124,981,3.5,874965758
1124,1277,3.5,874965758
1124,350,4.8,874965758
1124,1209,4.5,874965758
1124,1097,3.0,874965758
1124,979,3.8,874965758
1124,380,3.7,874965758
1124,1613,3.5,874965758
1124,45,3.2,874965758
1124,441,4.1,874965758
1124,565,4.2,874965758
1124,1241,2.9,874965758
1124,25,4.0,874965758
1124,291,2.0,874965758
1124,1490,2.1,874965758
1124,1559,3.6,874965758
1124,1112,3.8,874965758
1124,785,3.3,874965758
1124,97,4.9,874965758
1124,271,1.6,874965758
1124,559,5.0,874965758
1124,902,1.0,874965758
1124,598,3.4,874965758
1124,1514,5.0,874965758
1124,723,4.8,874965758
1124,828,4.7,874965758
1124,1083,2.5,874965758
1124,1255,2.9,874965758
1124,1491,5.0,874965758
1124,1517,1.6,874965758
1124,168,3.5,874965758
1124,766,3.6,874965758
1124,958,2.7,874965758
1124,1225,2.2,874965758
1125,868,5.0,874965758
1125,1162,5.0,874965758
1125,927,5.0,874965758
1125,1521,5.0,874965758
1125,1301,5.0,874965758
1125,1191,5.0,874965758
1125,50,5.0,874965758
1125,181,5.0,874965758
1125,258,5.0,874965758
1125,1080,1.7,874965758
1125,120,4.1,874965758
1125,1495,3.4,874965758
1125,236,2.8,874965758
1125,1042,4.3,874965758
1125,1021,3.4,874965758
1125,1184,3.6,874965758
1125,1400,3.4,874965758
1125,855,3.4,874965758
1125,720,5.0,874965758
1125,1251,3.4,874965758
1125,1032,3.3,874965758
1125,1598,2.9,874965758
1125,430,2.9,874965758
1125,23,1.6,874965758
1125,1190,4.1,874965758
1125,528,3.3,874965758
1125,432,3.8,874965758
1125,1622,4.0,874965758
1125,543,4.5,874965758
1125,1360,4.0,874965758
1125,310,3.5,874965758
1125,203,3.2,874965758
1125,1076,5.0,874965758
1125,64,4.7,874965758
1125,276,1.1,874965758
1125,429,3.4,874965758
1125,775,3.5,874965758
1125,1060,4.5,874965758
1125,1566,5.0,874965758
1125,724,3.3,874965758
1125,798,4.5,874965758
1125,1591,4.6,874965758
1125,1025,4.6,874965758
1125,1602,4.4,874965758
1125,1277,1.9,874965758
1125,472,4.1,874965758
1125,1489,2.5,874965758
1125,941,2.6,874965758
1125,1368,2.9,874965758
1125,874,1.8,874965758
1125,1073,2.2,874965758
1125,634,3.8,874965758
1125,966,4.8,874965758
1125,707,4.5,874965758
1125,433,3.7,874965758
1125,741,3.1,874965758
1125,1676,4.7,874965758
1125,1399,3.6,874965758
1125,180,4.7,874965758
1125,820,2.9,874965758
1125,733,4.6,874965758
1125,299,4.9,874965758
1125,1359,1.0,874965758
1125,1105,2.4,874965758
1125,648,4.5,874965758
1125,638,3.1,874965758
1125,337,3.7,874965758
1125,1158,4.9,874965758
1125,105,2.6,874965758
1125,809,4.7,874965758
1125,690,3.9,874965758
1125,387,4.2,874965758
1125,169,5.0,874965758
1125,1464,2.6,874965758
1125,1019,4.7,874965758
1125,923,5.0,874965758
1125,464,4.6,874965758
1125,249,4.3,874965758
1125,1290,5.0,874965758
1126,868,5.0,874965758
1126,1162,5.0,874965758
1126,927,5.0,874965758
1126,1521,5.0,874965758
1126,1301,5.0,874965758
1126,1191,5.0,874965758
1126,50,5.0,874965758
1126,181,5.0,874965758
1126,258,5.0,874965758
1126,267,2.9,874965758
1126,419,2.7,874965758
1126,249,3.8,874965758
1126,734,2.6,874965758
1126,1643,2.9,874965758
1126,473,3.9,874965758
1126,100,3.4,874965758
1126,1032,4.7,874965758
1126,20,4.9,874965758
1126,1463,3.8,874965758
1126,526,4.7,874965758
1126,276,2.0,874965758
1126,646,3.3,874965758
1126,269,5.0,874965758
1126,1381,3.8,874965758
1126,1535,3.7,874965758
1126,203,4.0,874965758
1126,1405,3.4,874965758
1126,589,1.7,874965758
1126,1327,2.7,874965758
1126,1212,3.3,874965758
1126,1441,2.0,874965758
1126,539,2.7,874965758
1126,791,2.5,874965758
1126,1519,3.2,874965758
1126,1058,4.9,874965758
1126,1227,2.8,874965758
1126,333,4.6,874965758
1126,1075,3.1,874965758
1126,1419,3.9,874965758
1126,856,4.3,874965758
1126,1060,5.0,874965758
1126,586,3.2,874965758
1126,241,4.3,874965758
1126,577,3.9,874965758
1126,279,5.0,874965758
1126,650,2.9,874965758
1126,1623,3.5,874965758
1126,745,3.3,874965758
1126,713,2.9,874965758
1126,1247,5.0,874965758
1126,1067,3.6,874965758
1126,583,2.9,874965758
1126,949,2.7,874965758
1126,144,3.2,874965758
1126,1279,3.5,874965758
1126,739,2.8,874965758
1126,552,4.6,874965758
1126,840,3.1,874965758
1126,208,3.2,874965758
1126,1352,2.6,874965758
1126,911,1.5,874965758
1126,1515,4.6,874965758
1126,892,2.4,874965758
1126,1190,3.6,874965758
1126,1387,4.5,874965758
1126,472,5.0,874965758
1126,810,3.0,874965758
1126,163,1.6,874965758
1126,888,3.3,874965758
1126,1195,1.0,874965758
1126,492,5.0,874965758
1126,1487,1.8,874965758
1126,908,3.7,874965758
1126,1171,3.1,874965758
1126,1461,5.0,874965758
1126,1378,2.6,874965758
1126,672,1.9,874965758
1126,1226,3.2,874965758
1126,782,2.8,874965758
1127,868,5.0,874965758
1127,1162,5.0,874965758
1127,927,5.0,874965758
1127,1521,5.0,874965758
1127,1301,5.0,874965758
1127,1191,5.0,874965758
1127,50,5.0,874965758
1127,181,5.0,874965758
1127,258,5.0,874965758
1127,1469,4.1,874965758
1127,327,2.6,874965758
1127,282,4.3,874965758
1127,1591,5.0,874965758
1127,499,3.1,874965758
1127,141,4.3,874965758
1127,632,5.0,874965758
1127,175,3.5,874965758
1127,1616,2.7,874965758
1127,944,3.2,874965758
1127,1021,4.9,874965758
1127,1105,2.6,874965758
1127,346,5.0,874965758
1127,196,3.5,874965758
1127,428,3.8,874965758
1127,48,3.5,874965758
1127,816,3.1,874965758
1127,1256,5.0,874965758
1127,1340,3.0,874965758
1127,620,3.8,874965758
1127,708,1.5,874965758
1127,657,3.8,874965758
1127,539,5.0,874965758
1127,1230,3.1,874965758
1127,1170,5.0,874965758
1127,1667,2.9,874965758
1127,1639,4.1,874965758
1127,1034,5.0,874965758
1127,741,3.9,874965758
1127,1394,2.7,874965758
1127,602,4.6,874965758
1127,293,3.7,874965758
1127,590,2.3,874965758
1127,1391,2.8,874965758
1127,108,2.7,874965758
1127,1647,3.6,874965758
1127,1051,2.0,874965758
1127,855,5.0,874965758
1127,1402,4.7,874965758
1127,200,2.0,874965758
1127,382,3.8,874965758
1127,1484,4.0,874965758
1127,1516,2.5,874965758
1127,1456,2.3,874965758
1127,586,4.6,874965758
1127,128,4.3,874965758
1127,1330,5.0,874965758
1127,1506,4.2,874965758
1127,1128,1.1,874965758
1127,1049,3.9,874965758
1127,321,2.5,874965758
1127,205,3.6,874965758
1127,1546,4.5,874965758
1127,1244,4.2,874965758
1127,1136,3.9,874965758
1127,1151,2.4,874965758
1127,1000,4.0,874965758
1127,807,3.2,874965758
1127,25,2.4,874965758
1127,299,5.0,874965758
1127,943,3.1,874965758
1127,403,4.4,874965758
1127,1664,3.3,874965758
1127,1212,2.5,874965758
1127,690,3.4,874965758
1127,184,4.0,874965758
1127,32,4.1,874965758
1127,417,2.9,874965758
1127,458,3.9,874965758
1127,1010,2.2,874965758
1128,868,5.0,874965758
1128,1162,5.0,874965758
1128,927,5.0,874965758
1128,1521,5.0,874965758
1128,1301,5.0,874965758
1128,1191,5.0,874965758
1128,50,5.0,874965758
1128,181,5.0,874965758
1128,258,5.0,874965758
1128,102,3.4,874965758
1128,1682,3.3,874965758
1128,1054,2.1,874965758
1128,1528,2.8,874965758
1128,1304,2.1,874965758
1128,967,2.7,874965758
1128,465,3.6,874965758
1128,138,5.0,874965758
1128,975,3.6,874965758
1128,689,5.0,874965758
1128,797,2.5,874965758
1128,664,5.0,874965758
1128,145,4.7,874965758
1128,1546,3.8,874965758
1128,296,4.9,874965758
1128,1053,5.0,874965758
1128,1548,2.9,874965758
1128,1012,3.0,874965758
1128,1484,3.2,874965758
1128,1227,4.3,874965758
1128,191,3.3,874965758
1128,747,1.9,874965758
1128,1041,3.8,874965758
1128,538,3.2,874965758
1128,817,2.3,874965758
1128,171,5.0,874965758
1128,793,2.6,874965758
1128,741,2.8,874965758
1128,1178,4.3,874965758
1128,1570,2.6,874965758
1128,1578,4.4,874965758
1128,220,3.0,874965758
1128,1004,3.5,874965758
1128,1137,3.7,874965758
1128,1377,2.2,874965758
1128,1414,5.0,874965758
1128,996,4.2,874965758
1128,1511,2.7,874965758
1128,1448,3.3,874965758
1128,632,1.3,874965758
1128,755,3.1,874965758
1128,799,2.6,874965758
1128,1280,2.8,874965758
1128,1283,5.0,874965758
1128,597,4.8,874965758
1128,1326,3.0,874965758
1128,850,4.6,874965758
1128,160,3.8,874965758
1128,1275,5.0,874965758
1128,935,4.7,874965758
1128,152,2.8,874965758
1128,1589,3.1,874965758
1128,1440,3.2,874965758
1128,1044,4.0,874965758
1128,875,2.5,874965758
1128,602,4.0,874965758
1128,1149,2.2,874965758
1128,1142,3.5,874965758
1128,982,4.4,874965758
1128,341,4.1,874965758
1128,1151,3.0,874965758
1128,438,3.0,874965758
1128,872,5.0,874965758
1128,913,3.7,874965758
1128,359,1.0,874965758
1128,902,2.0,874965758
1128,316,2.7,874965758
1128,1124,4.6,874965758
1128,396,3.5,874965758
1128,1219,4.9,874965758
1129,868,5.0,874965758
1129,1162,5.0,874965758
1129,927,5.0,874965758
1129,1521,5.0,874965758
1129,1301,5.0,874965758
1129,1191,5.0,874965758
1129,50,5.0,874965758
1129,181,5.0,874965758
1129,258,5.0,874965758
1129,131,3.2,874965758
1129,914,5.0,874965758
1129,1273,3.6,874965758
1129,595,1.6,874965758
1129,1631,3.2,874965758
1129,395,4.1,874965758
1129,1242,4.3,874965758
1129,791,5.0,874965758
1129,533,4.3,874965758
1129,530,2.6,874965758
1129,109,3.7,874965758
1129,537,3.6,874965758
1129,1017,3.0,874965758
1129,169,4.6,874965758
1129,200,4.2,874965758
1129,167,3.9,874965758
1129,15,4.6,874965758
1129,850,4.4,874965758
1129,721,3.1,874965758
1129,275,4.2,874965758
1129,999,2.1,874965758
1129,75,2.0,874965758
1129,351,3.5,874965758
1129,1226,4.6,874965758
1129,1646,1.5,874965758
1129,1303,2.5,874965758
1129,431,4.6,874965758
1129,911,3.0,874965758
1129,1092,1.0,874965758
1129,343,4.6,874965758
1129,99,1.5,874965758
1129,1177,5.0,874965758
1129,1185,3.5,874965758
1129,411,3.5,874965758
1129,712,5.0,874965758
1129,645,2.9,874965758
1129,406,3.4,874965758
1129,758,5.0,874965758
1129,837,2.8,874965758
1129,1315,1.0,874965758
1129,190,1.8,874965758
1129,1240,4.5,874965758
1129,895,3.9,874965758
1129,340,3.6,874965758
1129,1232,3.3,874965758
1129,132,1.0,874965758
1129,1337,2.4,874965758
1129,120,5.0,874965758
1129,1118,3.6,874965758
1129,435,2.5,874965758
1129,621,3.8,874965758
1129,160,3.5,874965758
1129,1131,2.4,874965758
1129,1466,3.9,874965758
1129,1430,2.9,874965758
1129,1163,4.7,874965758
1129,2,1.9,874965758
1129,30,3.1,874965758
1129,1160,2.7,874965758
1129,349,2.9,874965758
1129,1145,4.7,874965758
1129,1662,5.0,874965758
1129,139,5.0,874965758
1129,902,4.0,874965758
1129,371,4.9,874965758
1129,1141,2.5,874965758
1129,1165,5.0,874965758
1129,1076,5.0,874965758
1129,604,2.4,874965758
1129,699,3.4,874965758
1130,868,5.0,874965758
1130,1162,5.0,874965758
1130,927,5.0,874965758
1130,1521,5.0,874965758
1130,1301,5.0,874965758
1130,1191,5.0,874965758
1130,50,5.0,874965758
1130,181,5.0,874965758
1130,258,5.0,874965758
1130,1461,4.3,874965758
1130,1347,4.0,874965758
1130,1345,4.4,874965758
1130,129,2.0,874965758
1130,363,3.9,874965758
1130,1553,2.6,874965758
1130,682,4.2,874965758
1130,776,4.4,874965758
1130,1426,2.8,874965758
1130,834,3.6,874965758
1130,1512,3.2,874965758
1130,427,4.6,874965758
1130,219,3.5,874965758
1130,508,4.4,874965758
1130,1045,2.8,874965758
1130,1050,4.9,874965758
1130,751,4.4,874965758
1130,920,3.8,874965758
1130,344,3.9,874965758
1130,635,5.0,874965758
1130,1552,5.0,874965758
1130,1420,3.2,874965758
1130,32,2.8,874965758
1130,1,5.0,874965758
1130,165,2.9,874965758
1130,607,3.3,874965758
1130,1607,4.0,874965758
1130,1596,4.8,874965758
1130,1041,4.8,874965758
1130,1674,4.0,874965758
1130,16,3.4,874965758
1130,1452,3.2,874965758
1130,916,3.5,874965758
1130,569,3.5,874965758
1130,1397,1.1,874965758
1130,879,4.7,874965758
1130,775,2.3,874965758
1130,1080,3.3,874965758
1130,1375,1.7,874965758
1130,96,2.3,874965758
1130,262,1.7,874965758
1130,1678,3.6,874965758
1130,77,4.4,874965758
1130,551,3.0,874965758
1130,1013,3.9,874965758
1130,876,2.1,874965758
1130,478,4.4,874965758
1130,33,3.9,874965758
1130,734,4.8,874965758
1130,1666,2.6,874965758
1130,615,2.4,874965758
1130,1077,4.9,874965758
1130,583,3.2,874965758
1130,1404,2.9,874965758
1130,1126,2.1,874965758
1130,1225,1.9,874965758
1130,36,3.0,874965758
1130,722,2.3,874965758
1130,651,2.6,874965758
1130,233,5.0,874965758
1130,1039,4.9,874965758
1130,977,5.0,874965758
1130,528,3.4,874965758
1130,869,5.0,874965758
1130,1352,4.1,874965758
1130,401,4.2,874965758
1130,115,3.2,874965758
1130,1355,5.0,874965758
1130,1160,2.6,874965758
1130,697,3.3,874965758
1131,868,5.0,874965758
1131,1162,5.0,874965758
1131,927,5.0,874965758
1131,1521,5.0,874965758
1131,1301,5.0,874965758
1131,1191,5.0,874965758
1131,50,5.0,874965758
1131,181,5.0,874965758
1131,258,5.0,874965758
1131,1466,3.6,874965758
1131,1631,4.8,874965758
1131,316,3.7,874965758
1131,37,4.4,874965758
1131,504,3.9,874965758
1131,1150,3.1,874965758
1131,1340,3.6,874965758
1131,1430,5.0,874965758
1131,988,4.5,874965758
1131,1588,3.3,874965758
1131,1426,3.5,874965758
1131,1068,3.7,874965758
1131,1081,3.1,874965758
1131,522,4.3,874965758
1131,1468,2.3,874965758
1131,944,5.0,874965758
1131,542,2.5,874965758
1131,1646,2.8,874965758
1131,618,4.7,874965758
1131,832,2.1,874965758
1131,976,2.8,874965758
1131,887,2.7,874965758
1131,507,2.7,874965758
1131,1133,4.2,874965758
1131,76,5.0,874965758
1131,1504,4.6,874965758
1131,1606,4.4,874965758
1131,523,3.4,874965758
1131,315,1.0,874965758
1131,731,3.2,874965758
1131,1257,3.1,874965758
1131,1125,3.5,874965758
1131,336,4.9,874965758
1131,1497,2.8,874965758
1131,355,2.3,874965758
1131,116,3.0,874965758
1131,1419,3.9,874965758
1131,1114,2.5,874965758
1131,222,1.8,874965758
1131,426,3.5,874965758
1131,1176,3.8,874965758
1131,1675,3.4,874965758
1131,635,4.2,874965758
1131,69,2.9,874965758
1131,1021,2.2,874965758
1131,1189,3.0,874965758
1131,1569,3.7,874965758
1131,126,4.7,874965758
1131,876,2.4,874965758
1131,438,2.1,874965758
1131,1583,2.8,874965758
1131,939,1.3,874965758
1131,924,2.8,874965758
1131,1416,1.7,874965758
1131,879,5.0,874965758
1131,1168,5.0,874965758
1131,631,3.0,874965758
1131,919,5.0,874965758
1131,1480,5.0,874965758
1131,1299,2.3,874965758
1131,1093,2.6,874965758
1131,78,4.5,874965758
1131,772,2.4,874965758
1131,29,3.3,874965758
1131,119,3.9,874965758
1131,1071,3.9,874965758
1131,792,2.5,874965758
1131,777,3.5,874965758
1131,636,4.3,874965758
1131,362,3.3,874965758
1132,868,5.0,874965758
1132,1162,5.0,874965758
1132,927,5.0,874965758
1132,1521,5.0,874965758
1132,1301,5.0,874965758
1132,1191,5.0,874965758
1132,50,5.0,874965758
1132,181,5.0,874965758
1132,258,5.0,874965758
1132,1026,5.0,874965758
1132,1084,5.0,874965758
1132,213,4.5,874965758
1132,1351,2.6,874965758
1132,1580,2.1,874965758
1132,1142,2.4,874965758
1132,192,3.0,874965758
1132,1269,3.0,874965758
1132,1226,4.9,874965758
1132,681,3.9,874965758
1132,1094,4.8,874965758
1132,614,4.4,874965758
1132,315,2.8,874965758
1132,217,4.3,874965758
1132,999,1.9,874965758
1132,410,1.0,874965758
1132,899,3.1,874965758
1132,24,3.8,874965758
1132,1091,1.9,874965758
1132,117,3.0,874965758
1132,1424,2.6,874965758
1132,1077,3.8,874965758
1132,1104,3.4,874965758
1132,784,2.5,874965758
1132,584,2.9,874965758
1132,239,4.3,874965758
1132,71,2.9,874965758
1132,278,3.2,874965758
1132,1135,2.8,874965758
1132,51,5.0,874965758
1132,1633,3.2,874965758
1132,59,4.0,874965758
1132,802,3.0,874965758
1132,269,5.0,874965758
1132,1529,4.2,874965758
1132,989,2.2,874965758
1132,422,4.3,874965758
1132,1663,5.0,874965758
1132,912,2.4,874965758
1132,1482,5.0,874965758
1132,956,2.8,874965758
1132,1220,2.9,874965758
1132,725,4.4,874965758
1132,1507,4.7,874965758
1132,690,2.5,874965758
1132,1030,2.5,874965758
1132,504,2.6,874965758
1132,1643,3.4,874965758
1132,1267,5.0,874965758
1132,567,2.6,874965758
1132,1013,2.3,874965758
1132,128,4.8,874965758
1132,1398,3.1,874965758
1132,455,2.8,874965758
1132,960,4.3,874965758
1132,506,3.3,874965758
1132,752,4.2,874965758
1132,1568,3.6,874965758
1132,1412,4.0,874965758
1132,336,4.7,874965758
1132,1353,1.0,874965758
1132,943,3.5,874965758
1132,625,3.0,874965758
1132,1197,3.3,874965758
1132,154,4.1,874965758
1132,420,3.4,874965758
1132,1680,4.8,874965758
1132,369,4.7,874965758
1132,848,3.8,874965758
1132,828,3.0,874965758
1133,868,5.0,874965758
1133,1162,5.0,874965758
1133,927,5.0,874965758
1133,1521,5.0,874965758
1133,1301,5.0,874965758
1133,1191,5.0,874965758
1133,50,5.0,874965758
1133,181,5.0,874965758
1133,258,5.0,874965758
1133,84,4.3,874965758
1133,286,1.8,874965758
1133,309,5.0,874965758
1133,1341,2.6,874965758
1133,862,3.7,874965758
1133,812,3.0,874965758
1133,1256,5.0,874965758
1133,1183,3.7,874965758
1133,1569,3.5,874965758
1133,1295,4.3,874965758
1133,448,4.1,874965758
1133,266,5.0,874965758
1133,1228,3.5,874965758
1133,1510,4.0,874965758
1133,1028,2.0,874965758
1133,1281,5.0,874965758
1133,1116,3.6,874965758
1133,628,2.4,874965758
1133,1468,3.0,874965758
1133,1193,3.0,874965758
1133,988,4.5,874965758
1133,394,1.6,874965758
1133,584,2.6,874965758
1133,612,2.4,874965758
1133,1585,3.0,874965758
1133,700,3.0,874965758
1133,1396,3.9,874965758
1133,1630,4.3,874965758
1133,934,3.2,874965758
1133,41,2.4,874965758
1133,1639,3.0,874965758
1133,580,3.9,874965758
1133,721,3.9,874965758
1133,1322,2.6,874965758
1133,1503,3.3,874965758
1133,37,4.1,874965758
1133,1387,3.2,874965758
1133,1230,4.4,874965758
1133,1516,4.5,874965758
1133,235,4.5,874965758
1133,1135,4.0,874965758
1133,884,4.1,874965758
1133,986,2.8,874965758
1133,633,2.6,874965758
1133,935,3.1,874965758
1133,1180,1.8,874965758
1133,1558,4.7,874965758
1133,1153,4.7,874965758
1133,284,4.0,874965758
1133,769,2.6,874965758
1133,575,3.6,874965758
1133,788,5.0,874965758
1133,710,3.1,874965758
1133,856,3.1,874965758
1133,1519,4.9,874965758
1133,1634,4.3,874965758
1133,1600,4.7,874965758
1133,897,3.4,874965758
1133,363,5.0,874965758
1133,229,3.6,874965758
1133,1293,3.5,874965758
1133,1415,1.3,874965758
1133,621,1.8,874965758
1133,502,4.9,874965758
1133,59,2.8,874965758
1133,843,4.5,874965758
1133,728,4.1,874965758
1133,1413,3.5,874965758
1133,1272,1.8,874965758
1133,964,3.8,874965758
1134,868,5.0,874965758
1134,1162,5.0,874965758
1134,927,5.0,874965758
1134,1521,5.0,874965758
1134,1301,5.0,874965758
1134,1191,5.0,874965758
1134,50,5.0,874965758
1134,181,5.0,874965758
1134,258,5.0,874965758
1134,291,3.7,874965758
1134,131,4.6,874965758
1134,1397,5.0,874965758
1134,1075,2.7,874965758
1134,40,2.6,874965758
1134,331,4.3,874965758
1134,784,3.2,874965758
1134,1325,4.5,874965758
1134,47,2.3,874965758
1134,1170,5.0,874965758
1134,88,2.8,874965758
1134,307,3.6,874965758
1134,135,3.2,874965758
1134,1287,3.4,874965758
1134,1484,4.5,874965758
1134,608,3.3,874965758
1134,866,1.8,874965758
1134,1568,2.2,874965758
1134,322,4.5,874965758
1134,1491,3.5,874965758
1134,821,3.9,874965758
1134,126,2.0,874965758
1134,566,2.2,874965758
1134,966,3.6,874965758
1134,900,3.1,874965758
1134,253,3.7,874965758
1134,1508,4.4,874965758
1134,1187,4.0,874965758
1134,39,4.9,874965758
1134,1366,2.8,874965758
1134,1671,2.8,874965758
1134,1028,2.2,874965758
1134,512,3.9,874965758
1134,495,4.4,874965758
1134,1018,3.1,874965758
1134,1548,2.9,874965758
1134,1035,3.3,874965758
1134,1412,2.6,874965758
1134,1185,2.7,874965758
1134,1594,4.5,874965758
1134,903,2.2,874965758
1134,661,3.4,874965758
1134,533,3.0,874965758
1134,1358,2.8,874965758
1134,255,5.0,874965758
1134,1289,4.7,874965758
1134,553,3.1,874965758
1134,474,3.4,874965758
1134,856,4.3,874965758
1134,1184,3.6,874965758
1134,653,3.9,874965758
1134,824,3.8,874965758
1134,97,3.5,874965758
1134,373,4.8,874965758
1134,156,3.8,874965758
1134,1273,3.5,874965758
1134,1433,2.6,874965758
1134,1675,3.6,874965758
1134,1636,5.0,874965758
1134,551,2.6,874965758
1134,805,3.6,874965758
1134,1167,2.6,874965758
1134,703,4.2,874965758
1134,823,3.3,874965758
1134,1571,4.4,874965758
1134,1656,2.3,874965758
1134,886,3.8,874965758
1134,1431,5.0,874965758
1134,1246,1.0,874965758
1134,1076,3.2,874965758
1135,868,5.0,874965758
1135,1162,5.0,874965758
1135,927,5.0,874965758
1135,1521,5.0,874965758
1135,1301,5.0,874965758
1135,1191,5.0,874965758
1135,50,5.0,874965758
1135,181,5.0,874965758
1135,258,5.0,874965758
1135,960,4.5,874965758
1135,811,3.7,874965758
1135,1459,3.6,874965758
1135,1248,5.0,874965758
1135,1112,3.1,874965758
1135,1340,4.9,874965758
1135,806,3.6,874965758
1135,472,2.4,874965758
1135,776,3.7,874965758
1135,106,1.5,874965758
1135,958,5.0,874965758
1135,1571,4.6,874965758
1135,1262,5.0,874965758
1135,89,3.0,874965758
1135,1432,3.3,874965758
1135,532,2.4,874965758
1135,422,3.5,874965758
1135,961,3.1,874965758
1135,1391,3.9,874965758
1135,119,2.7,874965758
1135,1549,1.9,874965758
1135,1593,2.8,874965758
1135,861,3.6,874965758
1135,471,3.2,874965758
1135,52,3.5,874965758
1135,223,2.8,874965758
1135,791,5.0,874965758
1135,38,2.6,874965758
1135,97,2.5,874965758
1135,607,2.1,874965758
1135,184,3.4,874965758
1135,1676,4.2,874965758
1135,1317,3.7,874965758
1135,107,3.3,874965758
1135,78,4.4,874965758
1135,62,3.3,874965758
1135,645,5.0,874965758
1135,669,2.5,874965758
1135,336,2.7,874965758
1135,434,2.3,874965758
1135,490,2.5,874965758
1135,732,3.9,874965758
1135,43,2.9,874965758
1135,1614,4.5,874965758
1135,929,4.8,874965758
1135,1420,3.4,874965758
1135,728,3.4,874965758
1135,95,2.2,874965758
1135,1138,5.0,874965758
1135,500,3.0,874965758
1135,629,3.3,874965758
1135,1481,2.4,874965758
1135,242,5.0,874965758
1135,459,4.7,874965758
1135,522,3.3,874965758
1135,931,1.5,874965758
1135,1375,3.6,874965758
1135,1155,4.5,874965758
1135,1630,3.3,874965758
1135,779,1.0,874965758
1135,1665,1.7,874965758
1135,1345,3.5,874965758
1135,400,2.7,874965758
1135,1034,4.2,874965758
1135,429,3.0,874965758
1135,1598,3.5,874965758
1135,1263,5.0,874965758
1135,1640,4.7,874965758
1135,329,3.7,874965758
1135,275,2.5,874965758
1136,868,5.0,874965758
1136,1162,5.0,874965758
1136,927,5.0,874965758
1136,1521,5.0,874965758
1136,1301,5.0,874965758
1136,1191,5.0,874965758
1136,50,5.0,874965758
1136,181,5.0,874965758
1136,258,5.0,874965758
1136,231,5.0,874965758
1136,801,5.0,874965758
1136,639,5.0,874965758
1136,100,4.2,874965758
1136,405,3.3,874965758
1136,1240,2.2,874965758
1136,1534,4.6,874965758
1136,1096,2.5,874965758
1136,775,3.4,874965758
1136,1329,4.0,874965758
1136,545,2.5,874965758
1136,294,3.4,874965758
1136,483,3.0,874965758
1136,1560,3.4,874965758
1136,1464,4.8,874965758
1136,1639,2.3,874965758
1136,370,2.2,874965758
1136,1291,4.0,874965758
1136,769,2.0,874965758
1136,161,2.9,874965758
1136,972,3.9,874965758
1136,95,2.3,874965758
1136,158,5.0,874965758
1136,65,4.9,874965758
1136,1461,3.2,874965758
1136,1644,2.8,874965758
1136,1318,3.3,874965758
1136,1273,2.4,874965758
1136,750,5.0,874965758
1136,1381,2.8,874965758
1136,1085,4.7,874965758
1136,1087,3.0,874965758
1136,496,3.4,874965758
1136,971,2.0,874965758
1136,1121,2.2,874965758
1136,1370,3.8,874965758
1136,893,4.3,874965758
1136,698,4.5,874965758
1136,596,3.1,874965758
1136,1266,2.9,874965758
1136,114,4.8,874965758
1136,319,4.1,874965758
1136,634,3.4,874965758
1136,1479,3.7,874965758
1136,618,3.9,874965758
1136,941,3.6,874965758
1136,21,4.3,874965758
1136,1589,2.7,874965758
1136,168,5.0,874965758
1136,1042,3.7,874965758
1136,1312,3.0,874965758
1136,456,3.9,874965758
1136,797,3.8,874965758
1136,1109,3.1,874965758
1136,107,4.0,874965758
1136,652,2.9,874965758
1136,1292,3.9,874965758
1136,408,5.0,874965758
1136,504,3.5,874965758
1136,1100,2.9,874965758
1136,807,3.6,874965758
1136,499,2.8,874965758
1136,732,4.8,874965758
1136,274,4.1,874965758
1136,1453,4.0,874965758
1136,134,5.0,874965758
1136,1196,4.6,874965758
1136,700,2.5,874965758
1136,86,2.3,874965758
1136,1446,4.8,874965758
1137,868,5.0,874965758
1137,1162,5.0,874965758
1137,927,5.0,874965758
1137,1521,5.0,874965758
1137,1301,5.0,874965758
1137,1191,5.0,874965758
1137,50,5.0,874965758
1137,181,5.0,874965758
1137,258,5.0,874965758
1137,976,3.9,874965758
1137,1483,3.3,874965758
1137,1381,3.4,874965758
1137,21,4.2,874965758
1137,635,4.4,874965758
1137,369,3.7,874965758
1137,1134,4.4,874965758
1137,943,3.8,874965758
1137,825,3.7,874965758
1137,1595,5.0,874965758
1137,1020,3.4,874965758
1137,1639,3.9,874965758
1137,34,3.6,874965758
1137,115,3.8,874965758
1137,31,3.8,874965758
1137,1262,4.7,874965758
1137,719,4.1,874965758
1137,753,4.7,874965758
1137,331,4.0,874965758
1137,383,3.7,874965758
1137,169,5.0,874965758
1137,426,3.5,874965758
1137,83,2.5,874965758
1137,1474,4.3,874965758
1137,518,3.3,874965758
1137,1402,3.4,874965758
1137,596,2.0,874965758
1137,669,3.4,874965758
1137,16,4.5,874965758
1137,539,4.0,874965758
1137,509,3.5,874965758
1137,1307,3.2,874965758
1137,1144,5.0,874965758
1137,647,3.8,874965758
1137,692,3.9,874965758
1137,1284,4.3,874965758
1137,1044,1.6,874965758
1137,826,4.2,874965758
1137,1656,5.0,874965758
1137,691,2.6,874965758
1137,148,3.7,874965758
1137,1573,2.4,874965758
1137,186,2.6,874965758
1137,499,2.6,874965758
1137,610,4.0,874965758
1137,312,1.5,874965758
1137,1225,2.2,874965758
1137,1093,5.0,874965758
1137,1253,2.1,874965758
1137,251,2.8,874965758
1137,671,2.6,874965758
1137,229,2.3,874965758
1137,859,3.1,874965758
1137,526,2.3,874965758
1137,327,2.5,874965758
1137,377,3.6,874965758
1137,418,2.5,874965758
1137,1391,4.9,874965758
1137,1175,2.9,874965758
1137,874,4.3,874965758
1137,294,3.6,874965758
1137,897,4.2,874965758
1137,1228,3.6,874965758
1137,1392,3.3,874965758
1137,950,2.3,874965758
1137,681,2.9,874965758
1137,346,5.0,874965758
1137,279,4.0,874965758
1137,76,3.5,874965758
1137,138,4.4,874965758
1138,868,5.0,874965758
1138,1162,5.0,874965758
1138,927,5.0,874965758
1138,1521,5.0,874965758
1138,1301,5.0,874965758
1138,1191,5.0,874965758
1138,50,5.0,874965758
1138,181,5.0,874965758
1138,258,5.0,874965758
1138,664,3.3,874965758
1138,625,3.3,874965758
1138,215,5.0,874965758
1138,380,3.8,874965758
1138,907,4.3,874965758
1138,859,3.9,874965758
1138,445,3.6,874965758
1138,1042,4.0,874965758
1138,411,4.0,874965758
1138,631,2.6,874965758
1138,1624,2.7,874965758
1138,523,3.0,874965758
1138,388,3.4,874965758
1138,837,2.8,874965758
1138,1252,5.0,874965758
1138,1285,2.2,874965758
1138,173,3.4,874965758
1138,205,1.6,874965758
1138,13,3.4,874965758
1138,786,4.0,874965758
1138,472,3.6,874965758
1138,256,4.0,874965758
1138,514,3.7,874965758
1138,1514,5.0,874965758
1138,373,3.3,874965758
1138,327,5.0,874965758
1138,582,4.4,874965758
1138,1654,2.6,874965758
1138,917,2.9,874965758
1138,920,1.9,874965758
1138,1149,2.7,874965758
1138,644,5.0,874965758
1138,942,3.6,874965758
1138,35,2.5,874965758
1138,1335,1.9,874965758
1138,284,5.0,874965758
1138,486,4.2,874965758
1138,399,3.0,874965758
1138,624,2.4,874965758
1138,887,4.3,874965758
1138,522,3.6,874965758
1138,302,3.4,874965758
1138,598,4.5,874965758
1138,406,5.0,874965758
1138,1556,3.7,874965758
1138,383,4.1,874965758
1138,157,5.0,874965758
1138,371,3.7,874965758
1138,1676,2.4,874965758
1138,674,1.9,874965758
1138,1136,2.7,874965758
1138,1664,2.5,874965758
1138,796,4.0,874965758
1138,91,2.8,874965758
1138,221,4.6,874965758
1138,653,3.9,874965758
1138,1199,5.0,874965758
1138,236,2.1,874965758
1138,668,4.1,874965758
1138,1372,2.1,874965758
1138,777,1.5,874965758
1138,195,3.5,874965758
1138,1004,4.3,874965758
1138,885,5.0,874965758
1138,1609,4.9,874965758
1138,127,3.0,874965758
1138,799,4.2,874965758
1138,1379,3.0,874965758
1138,474,1.0,874965758
1138,507,2.9,874965758
1139,868,5.0,874965758
1139,1162,5.0,874965758
1139,927,5.0,874965758
1139,1521,5.0,874965758
1139,1301,5.0,874965758
1139,1191,5.0,874965758
1139,50,5.0,874965758
1139,181,5.0,874965758
1139,258,5.0,874965758
1139,398,3.9,874965758
1139,941,3.4,874965758
1139,358,2.3,874965758
1139,865,3.6,874965758
1139,1280,3.7,874965758
1139,1249,1.0,874965758
1139,994,4.8,874965758
1139,889,4.4,874965758
1139,1017,3.1,874965758
1139,383,3.0,874965758
1139,336,3.8,874965758
1139,571,2.7,874965758
1139,346,2.5,874965758
1139,1190,3.2,874965758
1139,1615,5.0,874965758
1139,815,5.0,874965758
1139,1397,3.1,874965758
1139,137,5.0,874965758
1139,368,3.1,874965758
1139,1606,4.6,874965758
1139,1300,3.9,874965758
1139,950,3.2,874965758
1139,820,4.0,874965758
1139,1324,2.9,874965758
1139,233,2.5,874965758
1139,860,4.6,874965758
1139,164,3.1,874965758
1139,757,4.0,874965758
1139,1460,3.5,874965758
1139,1128,4.8,874965758
1139,809,3.5,874965758
1139,351,3.1,874965758
1139,1379,4.1,874965758
1139,117,2.4,874965758
1139,1084,4.2,874965758
1139,1028,4.5,874965758
1139,819,2.7,874965758
1139,1282,3.6,874965758
1139,686,5.0,874965758
1139,1377,3.9,874965758
1139,395,3.6,874965758
1139,793,1.9,874965758
1139,1614,3.3,874965758
1139,388,1.6,874965758
1139,829,3.4,874965758
1139,1502,1.0,874965758
1139,1223,3.2,874965758
1139,703,3.2,874965758
1139,1281,3.6,874965758
1139,63,4.0,874965758
1139,1165,2.5,874965758
1139,1402,4.4,874965758
1139,780,5.0,874965758
1139,871,4.9,874965758
1139,567,2.0,874965758
1139,434,2.6,874965758
1139,668,3.8,874965758
1139,78,4.5,874965758
1139,1155,1.9,874965758
1139,97,2.2,874965758
1139,513,3.3,874965758
1139,325,4.6,874965758
1139,426,3.1,874965758
1139,1001,4.1,874965758
1139,760,3.4,874965758
1139,787,2.7,874965758
1139,622,2.5,874965758
1139,747,4.9,874965758
1139,556,5.0,874965758
1139,474,3.4,874965758
1140,868,5.0,874965758
1140,1162,5.0,874965758
1140,927,5.0,874965758
1140,1521,5.0,874965758
1140,1301,5.0,874965758
1140,1191,5.0,874965758
1140,50,5.0,874965758
1140,181,5.0,874965758
1140,258,5.0,874965758
1140,71,2.2,874965758
1140,422,4.9,874965758
1140,113,4.0,874965758
1140,1091,4.1,874965758
1140,1538,4.2,874965758
1140,604,3.5,874965758
1140,869,3.6,874965758
1140,929,2.2,874965758
1140,162,3.2,874965758
1140,1468,2.1,874965758
1140,839,2.6,874965758
1140,281,4.5,874965758
1140,651,1.9,874965758
1140,85,2.9,874965758
1140,1313,4.9,874965758
1140,757,3.1,874965758
1140,1159,3.8,874965758
1140,616,5.0,874965758
1140,720,3.8,874965758
1140,1480,4.3,874965758
1140,746,2.2,874965758
1140,784,5.0,874965758
1140,147,1.7,874965758
1140,1092,2.8,874965758
1140,985,4.8,874965758
1140,1387,2.3,874965758
1140,1528,3.6,874965758
1140,224,4.0,874965758
1140,1177,3.6,874965758
1140,815,4.0,874965758
1140,1531,2.8,874965758
1140,1243,3.9,874965758
1140,1679,2.9,874965758
1140,237,2.3,874965758
1140,573,2.3,874965758
1140,961,3.4,874965758
1140,866,5.0,874965758
1140,1018,3.8,874965758
1140,1378,2.4,874965758
1140,947,1.0,874965758
1140,786,4.7,874965758
1140,392,5.0,874965758
1140,1321,3.2,874965758
1140,1477,3.8,874965758
1140,1369,3.1,874965758
1140,1118,2.9,874965758
1140,696,3.2,874965758
1140,295,4.5,874965758
1140,54,2.6,874965758
1140,397,5.0,874965758
1140,20,4.1,874965758
1140,172,2.0,874965758
1140,332,2.0,874965758
1140,214,1.8,874965758
1140,1473,4.8,874965758
1140,1566,3.1,874965758
1140,96,4.7,874965758
1140,393,4.2,874965758
1140,1501,3.1,874965758
1140,37,1.0,874965758
1140,1475,3.0,874965758
1140,260,3.6,874965758
1140,1187,1.9,874965758
1140,1435,4.9,874965758
1140,1644,2.2,874965758
1140,782,3.6,874965758
1140,958,3.2,874965758
1140,523,3.7,874965758
1140,206,2.3,874965758
1140,34,5.0,874965758
1141,868,5.0,874965758
1141,1162,5.0,874965758
1141,927,5.0,874965758
1141,1521,5.0,874965758
1141,1301,5.0,874965758
1141,1191,5.0,874965758
1141,50,5.0,874965758
1141,181,5.0,874965758
1141,258,5.0,874965758
1141,329,2.1,874965758
1141,6,1.4,874965758
1141,1318,3.2,874965758
1141,1666,3.3,874965758
1141,1321,3.1,874965758
1141,787,2.8,874965758
1141,62,3.3,874965758
1141,1245,4.8,874965758
1141,1295,3.3,874965758
1141,164,4.7,874965758
1141,55,2.3,874965758
1141,334,4.1,874965758
1141,907,3.3,874965758
1141,1241,3.6,874965758
1141,1441,3.8,874965758
1141,691,4.1,874965758
1141,406,3.2,874965758
1141,123,3.2,874965758
1141,1290,1.8,874965758
1141,606,3.7,874965758
1141,546,3.2,874965758
1141,781,2.6,874965758
1141,1361,3.9,874965758
1141,623,4.6,874965758
1141,1225,5.0,874965758
1141,1355,3.6,874965758
1141,944,3.3,874965758
1141,1682,3.9,874965758
1141,1482,2.0,874965758
1141,801,4.5,874965758
1141,883,3.8,874965758
1141,823,4.5,874965758
1141,1387,2.9,874965758
1141,217,4.3,874965758
1141,683,3.5,874965758
1141,684,4.3,874965758
1141,1067,2.3,874965758
1141,898,5.0,874965758
1141,1172,3.2,874965758
1141,5,3.3,874965758
1141,1136,3.7,874965758
1141,1527,5.0,874965758
1141,278,2.7,874965758
1141,1288,2.3,874965758
1141,1279,1.6,874965758
1141,919,4.0,874965758
1141,1648,4.4,874965758
1141,1171,1.0,874965758
1141,905,3.6,874965758
1141,735,3.7,874965758
1141,374,5.0,874965758
1141,703,5.0,874965758
1141,771,1.6,874965758
1141,92,4.0,874965758
1141,243,5.0,874965758
1141,621,2.6,874965758
1141,563,2.9,874965758
1141,1086,2.9,874965758
1141,306,2.7,874965758
1141,911,2.9,874965758
1141,1407,4.0,874965758
1141,360,4.7,874965758
1141,209,4.0,874965758
1141,507,2.9,874965758
1141,1499,2.6,874965758
1141,970,3.6,874965758
1141,1405,1.8,874965758
1141,1263,1.7,874965758
1141,201,2.2,874965758
1141,100,2.5,874965758
1142,868,5.0,874965758
1142,1162,5.0,874965758
1142,927,5.0,874965758
1142,1521,5.0,874965758
1142,1301,5.0,874965758
1142,1191,5.0,874965758
1142,50,5.0,874965758
1142,181,5.0,874965758
1142,258,5.0,874965758
1142,631,3.2,874965758
1142,1504,5.0,874965758
1142,1365,2.8,874965758
1142,1454,4.5,874965758
1142,374,4.2,874965758
1142,740,3.8,874965758
1142,100,4.1,874965758
1142,184,2.3,874965758
1142,501,2.0,874965758
1142,1420,3.8,874965758
1142,251,2.1,874965758
1142,1513,3.8,874965758
1142,789,5.0,874965758
1142,402,1.3,874965758
1142,811,4.7,874965758
1142,1650,3.0,874965758
1142,1337,1.9,874965758
1142,437,3.7,874965758
1142,1171,3.9,874965758
1142,778,1.0,874965758
1142,434,3.6,874965758
1142,498,2.1,874965758
1142,809,2.4,874965758
1142,1238,4.2,874965758
1142,503,3.8,874965758
1142,1349,2.5,874965758
1142,319,4.5,874965758
1142,571,3.0,874965758
1142,1384,2.8,874965758
1142,612,2.8,874965758
1142,1098,2.5,874965758
1142,556,4.2,874965758
1142,1525,3.9,874965758
1142,611,2.6,874965758
1142,384,2.7,874965758
1142,824,2.9,874965758
1142,482,4.3,874965758
1142,1079,4.4,874965758
1142,1613,4.3,874965758
1142,166,4.1,874965758
1142,39,3.2,874965758
1142,739,4.2,874965758
1142,585,3.3,874965758
1142,1221,2.8,874965758
1142,333,4.8,874965758
1142,508,2.4,874965758
1142,1217,3.7,874965758
1142,787,2.2,874965758
1142,1541,4.5,874965758
1142,1382,4.9,874965758
1142,1531,5.0,874965758
1142,392,2.2,874965758
1142,1640,4.9,874965758
1142,1223,4.6,874965758
1142,1058,3.9,874965758
1142,388,4.6,874965758
1142,990,3.8,874965758
1142,1429,1.2,874965758
1142,383,4.4,874965758
1142,721,2.6,874965758
1142,492,3.6,874965758
1142,963,1.0,874965758
1142,1108,4.4,874965758
1142,178,3.7,874965758
1142,1165,2.6,874965758
1142,1027,1.6,874965758
1142,24,2.8,874965758
1142,723,3.5,874965758
1142,219,5.0,874965758
1142,943,3.2,874965758
1143,868,5.0,874965758
1143,1162,5.0,874965758
1143,927,5.0,874965758
1143,1521,5.0,874965758
1143,1301,5.0,874965758
1143,1191,5.0,874965758
1143,50,5.0,874965758
1143,181,5.0,874965758
1143,258,5.0,874965758
1143,1651,1.2,874965758
1143,1305,2.4,874965758
1143,1370,4.3,874965758
1143,1032,1.3,874965758
1143,1383,3.9,874965758
1143,801,3.9,874965758
1143,495,2.6,874965758
1143,414,4.8,874965758
1143,1496,5.0,874965758
1143,1676,3.1,874965758
1143,1013,2.4,874965758
1143,385,2.3,874965758
1143,902,3.6,874965758
1143,250,4.0,874965758
1143,897,3.8,874965758
1143,1630,3.1,874965758
1143,239,2.3,874965758
1143,1009,3.5,874965758
1143,811,4.0,874965758
1143,1489,4.2,874965758
1143,124,2.8,874965758
1143,583,1.5,874965758
1143,1029,3.4,874965758
1143,946,1.5,874965758
1143,1095,4.6,874965758
1143,405,4.2,874965758
1143,1322,5.0,874965758
1143,932,3.8,874965758
1143,622,2.8,874965758
1143,950,3.9,874965758
1143,1646,2.2,874965758
1143,1595,2.2,874965758
1143,781,4.0,874965758
1143,875,3.7,874965758
1143,322,1.9,874965758
1143,13,4.0,874965758
1143,962,3.2,874965758
1143,853,2.5,874965758
1143,338,3.2,874965758
1143,1261,2.0,874965758
1143,923,4.5,874965758
1143,720,4.9,874965758
1143,523,3.5,874965758
1143,589,4.2,874965758
1143,1185,2.6,874965758
1143,1391,3.8,874965758
1143,1615,5.0,874965758
1143,704,4.5,874965758
1143,1403,2.8,874965758
1143,106,2.9,874965758
1143,1641,5.0,874965758
1143,498,4.3,874965758
1143,1606,2.3,874965758
1143,471,2.7,874965758
1143,219,3.6,874965758
1143,198,3.1,874965758
1143,122,3.3,874965758
1143,1291,3.3,874965758
1143,1381,5.0,874965758
1143,953,4.7,874965758
1143,900,2.8,874965758
1143,665,2.6,874965758
1143,1006,4.2,874965758
1143,236,2.7,874965758
1143,185,5.0,874965758
1143,274,2.7,874965758
1143,434,5.0,874965758
1143,1008,2.3,874965758
1143,1469,3.8,874965758
1143,625,2.6,874965758
1144,868,5.0,874965758
1144,1162,5.0,874965758
1144,927,5.0,874965758
1144,1521,5.0,874965758
1144,1301,5.0,874965758
1144,1191,5.0,874965758
1144,50,5.0,874965758
1144,181,5.0,874965758
1144,258,5.0,874965758
1144,359,3.4,874965758
1144,1227,2.6,874965758
1144,1527,3.0,874965758
1144,811,4.2,874965758
1144,209,2.1,874965758
1144,1362,3.1,874965758
1144,622,5.0,874965758
1144,1621,2.5,874965758
1144,1019,5.0,874965758
1144,1381,2.6,874965758
1144,1123,5.0,874965758
1144,1385,4.3,874965758
1144,945,5.0,874965758
1144,207,3.5,874965758
1144,121,3.8,874965758
1144,1269,3.3,874965758
1144,1197,1.4,874965758
1144,1136,3.6,874965758
1144,137,2.3,874965758
1144,586,3.8,874965758
1144,1172,3.3,874965758
1144,219,3.3,874965758
1144,110,4.2,874965758
1144,308,2.8,874965758
1144,1522,3.7,874965758
1144,1047,2.9,874965758
1144,1184,3.8,874965758
1144,764,3.3,874965758
1144,892,5.0,874965758
1144,1175,4.7,874965758
1144,1064,3.1,874965758
1144,627,3.9,874965758
1144,1331,4.8,874965758
1144,1133,2.2,874965758
1144,515,2.5,874965758
1144,512,1.7,874965758
1144,1312,3.6,874965758
1144,1559,4.3,874965758
1144,262,3.1,874965758
1144,1425,4.8,874965758
1144,987,3.1,874965758
1144,973,4.7,874965758
1144,745,3.9,874965758
1144,297,4.3,874965758
1144,1052,3.5,874965758
1144,246,3.6,874965758
1144,509,1.4,874965758
1144,1221,5.0,874965758
1144,187,2.9,874965758
1144,1071,5.0,874965758
1144,1076,3.0,874965758
1144,1376,3.3,874965758
1144,1630,3.0,874965758
1144,1507,3.0,874965758
1144,1636,5.0,874965758
1144,1512,3.3,874965758
1144,1640,2.6,874965758
1144,709,2.5,874965758
1144,1273,4.6,874965758
1144,1464,1.9,874965758
1144,1673,5.0,874965758
1144,511,1.4,874965758
1144,1061,5.0,874965758
1144,1449,4.2,874965758
1144,1593,2.6,874965758
1144,620,3.9,874965758
1144,549,4.8,874965758
1144,816,5.0,874965758
1144,576,4.7,874965758
1144,1610,4.6,874965758
1145,868,5.0,874965758
1145,1162,5.0,874965758
1145,927,5.0,874965758
1145,1521,5.0,874965758
1145,1301,5.0,874965758
1145,1191,5.0,874965758
1145,50,5.0,874965758
1145,181,5.0,874965758
1145,258,5.0,874965758
1145,1275,3.8,874965758
1145,831,4.8,874965758
1145,486,3.6,874965758
1145,1409,4.6,874965758
1145,969,3.9,874965758
1145,925,2.3,874965758
1145,556,3.8,874965758
1145,1326,3.4,874965758
1145,1035,5.0,874965758
1145,323,4.1,874965758
1145,113,5.0,874965758
1145,639,5.0,874965758
1145,689,2.8,874965758
1145,1676,4.7,874965758
1145,1104,2.3,874965758
1145,365,4.9,874965758
1145,205,2.1,874965758
1145,481,3.2,874965758
1145,318,4.8,874965758
1145,1242,4.2,874965758
1145,12,2.6,874965758
1145,283,4.0,874965758
1145,1474,3.9,874965758
1145,934,2.8,874965758
1145,1025,4.3,874965758
1145,1265,1.6,874965758
1145,1376,3.5,874965758
1145,517,4.7,874965758
1145,801,3.5,874965758
1145,462,3.2,874965758
1145,184,4.2,874965758
1145,1367,3.3,874965758
1145,53,4.5,874965758
1145,349,2.3,874965758
1145,92,3.9,874965758
1145,315,3.4,874965758
1145,954,2.9,874965758
1145,1489,3.4,874965758
1145,1628,5.0,874965758
1145,904,3.5,874965758
1145,500,5.0,874965758
1145,1049,2.9,874965758
1145,1210,5.0,874965758
1145,1291,3.4,874965758
1145,687,1.6,874965758
1145,1095,3.8,874965758
1145,1550,3.7,874965758
1145,1264,5.0,874965758
1145,129,3.5,874965758
1145,799,2.2,874965758
1145,1004,4.2,874965758
1145,793,4.7,874965758
1145,957,4.4,874965758
1145,1467,2.7,874965758
1145,2,4.0,874965758
1145,718,5.0,874965758
1145,309,4.2,874965758
1145,1240,1.0,874965758
1145,561,3.7,874965758
1145,1227,4.4,874965758
1145,656,3.2,874965758
1145,1428,5.0,874965758
1145,1476,3.4,874965758
1145,923,2.1,874965758
1145,866,3.5,874965758
1145,312,3.8,874965758
1145,607,3.2,874965758
1145,832,5.0,874965758
1145,1360,4.4,874965758
1145,1127,3.4,874965758
1146,868,5.0,874965758
1146,1162,5.0,874965758
1146,927,5.0,874965758
1146,1521,5.0,874965758
1146,1301,5.0,874965758
1146,1191,5.0,874965758
1146,50,5.0,874965758
1146,181,5.0,874965758
1146,258,5.0,874965758
1146,260,3.9,874965758
1146,376,3.5,874965758
1146,141,2.2,874965758
1146,1464,2.6,874965758
1146,149,3.5,874965758
1146,1618,4.4,874965758
1146,1538,2.4,874965758
1146,1414,3.6,874965758
1146,415,4.2,874965758
1146,719,1.4,874965758
1146,782,2.2,874965758
1146,581,1.7,874965758
1146,1436,5.0,874965758
1146,97,3.3,874965758
1146,1186,2.0,874965758
1146,5,4.1,874965758
1146,1196,3.9,874965758
1146,1331,2.2,874965758
1146,1315,3.9,874965758
1146,580,4.1,874965758
1146,524,4.3,874965758
1146,588,4.0,874965758
1146,160,2.0,874965758
1146,1023,4.4,874965758
1146,1487,3.9,874965758
1146,1579,1.8,874965758
1146,946,5.0,874965758
1146,1601,4.6,874965758
1146,1150,3.1,874965758
1146,826,5.0,874965758
1146,43,2.2,874965758
1146,957,4.7,874965758
1146,1544,1.5,874965758
1146,422,5.0,874965758
1146,1678,4.2,874965758
1146,1396,5.0,874965758
1146,757,5.0,874965758
1146,1609,2.2,874965758
1146,202,1.6,874965758
1146,842,2.1,874965758
1146,1354,5.0,874965758
1146,893,2.8,874965758
1146,1265,1.8,874965758
1146,1344,4.0,874965758
1146,1639,3.5,874965758
1146,747,3.3,874965758
1146,369,4.4,874965758
1146,1153,3.7,874965758
1146,332,5.0,874965758
1146,622,3.4,874965758
1146,85,2.9,874965758
1146,737,2.6,874965758
1146,1614,4.1,874965758
1146,1004,3.4,874965758
1146,1091,3.1,874965758
1146,333,3.1,874965758
1146,1018,3.1,874965758
1146,61,2.9,874965758
1146,35,4.4,874965758
1146,209,3.5,874965758
1146,638,4.9,874965758
1146,499,4.0,874965758
1146,967,2.8,874965758
1146,441,2.4,874965758
1146,1568,2.9,874965758
1146,708,4.0,874965758
1146,345,3.9,874965758
1146,1615,3.0,874965758
1146,101,4.6,874965758
1146,1650,3.0,874965758
1147,868,5.0,874965758
1147,1162,5.0,874965758
1147,927,5.0,874965758
1147,1521,5.0,874965758
1147,1301,5.0,874965758
1147,1191,5.0,874965758
1147,50,5.0,874965758
1147,181,5.0,874965758
1147,258,5.0,874965758
1147,163,3.3,874965758
1147,1648,3.7,874965758
1147,1271,3.1,874965758
1147,810,2.1,874965758
1147,971,4.3,874965758
1147,1049,2.9,874965758
1147,1466,4.3,874965758
1147,41,4.0,874965758
1147,548,5.0,874965758
1147,75,4.8,874965758
1147,817,2.3,874965758
1147,974,4.2,874965758
1147,1627,3.6,874965758
1147,1018,3.5,874965758
1147,90,4.0,874965758
1147,1025,1.6,874965758
1147,1456,2.1,874965758
1147,215,2.6,874965758
1147,1335,3.7,874965758
1147,1593,2.9,874965758
1147,553,2.5,874965758
1147,653,2.2,874965758
1147,577,4.3,874965758
1147,748,2.8,874965758
1147,1435,2.9,874965758
1147,364,2.5,874965758
1147,715,3.2,874965758
1147,100,4.5,874965758
1147,1659,3.0,874965758
1147,501,2.8,874965758
1147,1256,3.8,874965758
1147,388,1.4,874965758
1147,709,3.7,874965758
1147,1065,3.8,874965758
1147,591,3.6,874965758
1147,900,4.5,874965758
1147,1473,2.3,874965758
1147,1073,4.2,874965758
1147,755,3.5,874965758
1147,441,4.3,874965758
1147,826,1.1,874965758
1147,1259,2.3,874965758
1147,1083,2.8,874965758
1147,74,1.0,874965758
1147,1530,3.4,874965758
1147,1653,4.4,874965758
1147,481,3.7,874965758
1147,1609,3.5,874965758
1147,1280,3.0,874965758
1147,1072,3.0,874965758
1147,65,4.8,874965758
1147,941,2.5,874965758
1147,713,4.2,874965758
1147,1123,2.5,874965758
1147,1387,2.9,874965758
1147,468,3.5,874965758
1147,1613,5.0,874965758
1147,1590,4.2,874965758
1147,293,3.5,874965758
1147,251,4.9,874965758
1147,1471,4.4,874965758
1147,662,4.4,874965758
1147,381,3.8,874965758
1147,1671,5.0,874965758
1147,905,3.3,874965758
1147,1272,3.1,874965758
1147,1331,2.0,874965758
1147,670,4.5,874965758
1147,96,3.6,874965758
1147,1167,5.0,874965758
1148,868,5.0,874965758
1148,1162,5.0,874965758
1148,927,5.0,874965758
1148,1521,5.0,874965758
1148,1301,5.0,874965758
1148,1191,5.0,874965758
1148,50,5.0,874965758
1148,181,5.0,874965758
1148,258,5.0,874965758
1148,1394,3.4,874965758
1148,393,3.0,874965758
1148,269,1.7,874965758
1148,987,3.5,874965758
1148,778,3.1,874965758
1148,1497,2.7,874965758
1148,1055,4.2,874965758
1148,708,2.1,874965758
1148,11,3.3,874965758
1148,159,1.6,874965758
1148,569,2.9,874965758
1148,654,3.1,874965758
1148,1103,5.0,874965758
1148,866,3.2,874965758
1148,1040,2.0,874965758
1148,361,2.9,874965758
1148,701,3.4,874965758
1148,1326,4.4,874965758
1148,1503,4.0,874965758
1148,52,2.8,874965758
1148,248,5.0,874965758
1148,1639,4.2,874965758
1148,779,2.7,874965758
1148,1243,5.0,874965758
1148,1478,5.0,874965758
1148,1436,1.5,874965758
1148,112,2.9,874965758
1148,1022,5.0,874965758
1148,1526,4.9,874965758
1148,729,2.8,874965758
1148,249,3.2,874965758
1148,1674,2.3,874965758
1148,1159,3.8,874965758
1148,1154,3.2,874965758
1148,1287,2.8,874965758
1148,225,5.0,874965758
1148,993,4.2,874965758
1148,1551,2.1,874965758
1148,943,4.4,874965758
1148,580,4.2,874965758
1148,1532,2.9,874965758
1148,497,4.0,874965758
1148,1410,3.4,874965758
1148,683,3.6,874965758
1148,1374,3.6,874965758
1148,480,3.0,874965758
1148,1334,1.6,874965758
1148,1535,3.6,874965758
1148,288,3.9,874965758
1148,549,2.4,874965758
1148,403,3.9,874965758
1148,336,3.6,874965758
1148,953,5.0,874965758
1148,275,4.0,874965758
1148,208,2.7,874965758
1148,1329,2.1,874965758
1148,154,4.5,874965758
1148,816,4.4,874965758
1148,738,4.1,874965758
1148,143,4.9,874965758
1148,1442,5.0,874965758
1148,410,3.7,874965758
1148,95,3.0,874965758
1148,1323,3.1,874965758
1148,1286,3.4,874965758
1148,1063,3.4,874965758
1148,1502,4.9,874965758
1148,1244,4.2,874965758
1148,902,3.2,874965758
1148,1605,2.9,874965758
1149,868,5.0,874965758
1149,1162,5.0,874965758
1149,927,5.0,874965758
1149,1521,5.0,874965758
1149,1301,5.0,874965758
1149,1191,5.0,874965758
1149,50,5.0,874965758
1149,181,5.0,874965758
1149,258,5.0,874965758
1149,724,4.1,874965758
1149,746,4.6,874965758
1149,744,4.1,874965758
1149,125,2.6,874965758
1149,771,1.8,874965758
1149,273,4.9,874965758
1149,443,4.0,874965758
1149,384,2.2,874965758
1149,1015,4.1,874965758
1149,1144,3.6,874965758
1149,1510,5.0,874965758
1149,1024,4.3,874965758
1149,488,3.7,874965758
1149,631,4.7,874965758
1149,926,2.1,874965758
1149,13,4.6,874965758
1149,307,2.8,874965758
1149,458,3.6,874965758
1149,921,3.0,874965758
1149,1406,2.8,874965758
1149,150,2.7,874965758
1149,1383,2.9,874965758
1149,699,2.0,874965758
1149,783,1.1,874965758
1149,79,2.0,874965758
1149,1566,2.4,874965758
1149,867,4.3,874965758
1149,940,2.4,874965758
1149,1217,4.5,874965758
1149,1401,5.0,874965758
1149,552,5.0,874965758
1149,607,2.2,874965758
1149,826,3.3,874965758
1149,1368,3.9,874965758
1149,990,5.0,874965758
1149,1109,4.6,874965758
1149,406,3.7,874965758
1149,107,2.7,874965758
1149,1013,4.3,874965758
1149,750,4.8,874965758
1149,395,3.2,874965758
1149,524,4.3,874965758
1149,1416,2.4,874965758
1149,788,2.3,874965758
1149,139,3.6,874965758
1149,1166,4.3,874965758
1149,413,4.0,874965758
1149,889,2.9,874965758
1149,947,4.6,874965758
1149,345,2.0,874965758
1149,1559,3.0,874965758
1149,341,1.6,874965758
1149,1564,1.0,874965758
1149,1573,4.2,874965758
1149,1298,3.3,874965758
1149,1302,4.9,874965758
1149,851,2.2,874965758
1149,90,3.2,874965758
1149,1396,1.9,874965758
1149,377,3.1,874965758
1149,94,2.4,874965758
1149,1172,3.8,874965758
1149,874,3.6,874965758
1149,378,5.0,874965758
1149,367,3.6,874965758
1149,1593,4.7,874965758
1149,1316,4.5,874965758
1149,958,2.4,874965758
1149,1232,4.4,874965758
1149,400,2.8,874965758
