user_id,item_id,rating
1100.0,194.0,4.4
1100.0,810.0,3.4
1100.0,524.0,4.3
1100.0,951.0,3.3
1100.0,77.0,3.6
1100.0,324.0,4.9
1100.0,203.0,2.5
1100.0,153.0,3.2
1100.0,135.0,3.5
1100.0,451.0,2.9
1100.0,575.0,4.3
1100.0,550.0,4.2
1100.0,79.0,3.3
1100.0,165.0,3.0
1100.0,455.0,3.6
1100.0,265.0,2.9
1100.0,196.0,1.7
1100.0,100.0,6.1
1100.0,1401.0,4.6
1100.0,975.0,3.3
1100.0,56.0,4.6
1100.0,321.0,2.9
1100.0,582.0,2.9
1100.0,15.0,1.5
1100.0,69.0,3.3
1100.0,531.0,5.9
1100.0,749.0,2.7
1100.0,122.0,4.0
1100.0,159.0,2.9
1100.0,433.0,2.4
1100.0,509.0,3.8
1100.0,79.0,2.6
1100.0,64.0,3.3
1100.0,272.0,5.0
1100.0,326.0,2.5
1100.0,128.0,2.8
1100.0,9.0,2.5
1100.0,664.0,4.1
1100.0,515.0,5.1
1100.0,472.0,1.6
1100.0,1035.0,3.7
1100.0,70.0,3.0
1100.0,475.0,4.5
1100.0,252.0,2.4
1100.0,3.0,3.1
1100.0,195.0,4.5
1100.0,832.0,3.1
1100.0,23.0,1.6
1100.0,657.0,2.8
1100.0,11.0,5.2
1100.0,472.0,3.5
1100.0,518.0,4.1
1100.0,604.0,5.3
1100.0,432.0,3.8
1100.0,222.0,2.8
1100.0,56.0,3.2
1100.0,476.0,4.6
1100.0,514.0,5.7
1100.0,1009.0,2.0
1100.0,28.0,2.4
1100.0,490.0,2.5
1100.0,461.0,4.1
1100.0,301.0,3.8
1100.0,23.0,4.1
1100.0,118.0,2.5
1100.0,658.0,3.0
1100.0,407.0,4.0
1100.0,95.0,3.5
1100.0,168.0,2.6
1100.0,168.0,3.9
1100.0,868.0,5.0
1100.0,1162.0,5.0
1100.0,927.0,5.0
1100.0,1521.0,5.0
1100.0,1301.0,5.0
1100.0,1191.0,5.0
1101.0,194.0,1.2
1101.0,810.0,4.6
1101.0,524.0,4.1
1101.0,951.0,3.0
1101.0,77.0,6.2
1101.0,324.0,5.0
1101.0,203.0,4.6
1101.0,153.0,3.1
1101.0,135.0,4.1
1101.0,451.0,5.6
1101.0,575.0,3.1
1101.0,550.0,2.8
1101.0,79.0,4.3
1101.0,165.0,3.8
1101.0,455.0,3.6
1101.0,265.0,4.9
1101.0,196.0,3.9
1101.0,100.0,4.1
1101.0,1401.0,3.8
1101.0,975.0,2.3
1101.0,56.0,2.8
1101.0,321.0,4.1
1101.0,582.0,2.4
1101.0,15.0,3.0
1101.0,69.0,4.8
1101.0,531.0,2.9
1101.0,749.0,4.1
1101.0,122.0,3.9
1101.0,159.0,4.4
1101.0,433.0,3.2
1101.0,509.0,3.1
1101.0,79.0,3.2
1101.0,64.0,3.2
1101.0,272.0,1.0
1101.0,326.0,3.2
1101.0,128.0,3.2
1101.0,9.0,2.4
1101.0,664.0,4.3
1101.0,515.0,2.9
1101.0,472.0,4.2
1101.0,1035.0,2.4
1101.0,70.0,3.7
1101.0,475.0,3.6
1101.0,252.0,3.0
1101.0,3.0,3.2
1101.0,195.0,1.9
1101.0,832.0,3.6
1101.0,23.0,1.5
1101.0,657.0,4.5
1101.0,11.0,4.9
1101.0,472.0,3.5
1101.0,518.0,2.3
1101.0,604.0,3.3
1101.0,432.0,3.2
1101.0,222.0,5.0
1101.0,56.0,4.6
1101.0,476.0,2.0
1101.0,514.0,2.5
1101.0,1009.0,2.4
1101.0,28.0,4.7
1101.0,490.0,1.5
1101.0,461.0,2.7
1101.0,301.0,5.0
1101.0,23.0,4.0
1101.0,118.0,3.8
1101.0,658.0,3.7
1101.0,407.0,3.2
1101.0,95.0,4.1
1101.0,168.0,1.2
1101.0,168.0,5.6
1101.0,868.0,5.0
1101.0,1162.0,5.0
1101.0,927.0,5.0
1101.0,1521.0,5.0
1101.0,1301.0,5.0
1101.0,1191.0,5.0
1102.0,194.0,5.8
1102.0,810.0,5.0
1102.0,524.0,3.4
1102.0,951.0,4.3
1102.0,77.0,4.7
1102.0,324.0,4.0
1102.0,203.0,3.8
1102.0,153.0,5.8
1102.0,135.0,4.2
1102.0,451.0,3.4
1102.0,575.0,3.9
1102.0,550.0,2.6
1102.0,79.0,4.0
1102.0,165.0,4.3
1102.0,455.0,4.4
1102.0,265.0,4.8
1102.0,196.0,2.0
1102.0,100.0,4.1
1102.0,1401.0,4.4
1102.0,975.0,3.1
1102.0,56.0,2.6
1102.0,321.0,2.9
1102.0,582.0,3.5
1102.0,15.0,4.0
1102.0,69.0,3.9
1102.0,531.0,3.9
1102.0,749.0,3.5
1102.0,122.0,3.2
1102.0,159.0,3.6
1102.0,433.0,4.0
1102.0,509.0,2.5
1102.0,79.0,3.1
1102.0,64.0,3.1
1102.0,272.0,3.4
1102.0,326.0,4.7
1102.0,128.0,4.0
1102.0,9.0,2.3
1102.0,664.0,3.8
1102.0,515.0,2.8
1102.0,472.0,2.1
1102.0,1035.0,3.1
1102.0,70.0,2.8
1102.0,475.0,4.5
1102.0,252.0,3.9
1102.0,3.0,2.9
1102.0,195.0,6.6
1102.0,832.0,2.6
1102.0,23.0,5.3
1102.0,657.0,4.7
1102.0,11.0,3.9
1102.0,472.0,5.1
1102.0,518.0,3.6
1102.0,604.0,3.1
1102.0,432.0,3.6
1102.0,222.0,3.5
1102.0,56.0,4.4
1102.0,476.0,2.2
1102.0,514.0,-0.9
1102.0,1009.0,3.9
1102.0,28.0,3.4
1102.0,490.0,1.8
1102.0,461.0,1.2
1102.0,301.0,4.0
1102.0,23.0,6.6
1102.0,118.0,3.4
1102.0,658.0,2.6
1102.0,407.0,1.9
1102.0,95.0,2.2
1102.0,168.0,2.0
1102.0,168.0,2.2
1102.0,868.0,5.0
1102.0,1162.0,5.0
1102.0,927.0,5.0
1102.0,1521.0,5.0
1102.0,1301.0,5.0
1102.0,1191.0,5.0
1103.0,194.0,2.4
1103.0,810.0,5.0
1103.0,524.0,3.9
1103.0,951.0,4.5
1103.0,77.0,5.6
1103.0,324.0,2.9
1103.0,203.0,2.2
1103.0,153.0,3.1
1103.0,135.0,4.8
1103.0,451.0,3.7
1103.0,575.0,2.0
1103.0,550.0,1.9
1103.0,79.0,4.0
1103.0,165.0,5.6
1103.0,455.0,5.5
1103.0,265.0,5.4
1103.0,196.0,2.5
1103.0,100.0,5.2
1103.0,1401.0,2.2
1103.0,975.0,3.7
1103.0,56.0,4.5
1103.0,321.0,4.9
1103.0,582.0,4.2
1103.0,15.0,3.6
1103.0,69.0,1.4
1103.0,531.0,4.6
1103.0,749.0,4.1
1103.0,122.0,1.4
1103.0,159.0,3.9
1103.0,433.0,3.6
1103.0,509.0,5.4
1103.0,79.0,2.2
1103.0,64.0,1.8
1103.0,272.0,1.9
1103.0,326.0,4.8
1103.0,128.0,3.1
1103.0,9.0,4.7
1103.0,664.0,2.8
1103.0,515.0,5.7
1103.0,472.0,4.8
1103.0,1035.0,3.4
1103.0,70.0,3.3
1103.0,475.0,1.9
1103.0,252.0,3.5
1103.0,3.0,5.1
1103.0,195.0,3.1
1103.0,832.0,3.0
1103.0,23.0,2.1
1103.0,657.0,5.6
1103.0,11.0,3.5
1103.0,472.0,4.0
1103.0,518.0,3.1
1103.0,604.0,5.2
1103.0,432.0,3.7
1103.0,222.0,4.3
1103.0,56.0,4.1
1103.0,476.0,3.8
1103.0,514.0,5.0
1103.0,1009.0,2.0
1103.0,28.0,3.4
1103.0,490.0,1.3
1103.0,461.0,3.2
1103.0,301.0,5.0
1103.0,23.0,3.5
1103.0,118.0,4.1
1103.0,658.0,2.5
1103.0,407.0,3.1
1103.0,95.0,4.5
1103.0,168.0,3.5
1103.0,168.0,2.4
1103.0,868.0,5.0
1103.0,1162.0,5.0
1103.0,927.0,5.0
1103.0,1521.0,5.0
1103.0,1301.0,5.0
1103.0,1191.0,5.0
1104.0,194.0,5.8
1104.0,810.0,4.1
1104.0,524.0,1.8
1104.0,951.0,4.7
1104.0,77.0,3.4
1104.0,324.0,3.5
1104.0,203.0,3.5
1104.0,153.0,5.9
1104.0,135.0,5.2
1104.0,451.0,3.6
1104.0,575.0,3.1
1104.0,550.0,3.5
1104.0,79.0,2.1
1104.0,165.0,2.8
1104.0,455.0,3.1
1104.0,265.0,1.9
1104.0,196.0,1.8
1104.0,100.0,3.9
1104.0,1401.0,4.7
1104.0,975.0,3.7
1104.0,56.0,3.3
1104.0,321.0,1.3
1104.0,582.0,2.6
1104.0,15.0,4.1
1104.0,69.0,4.1
1104.0,531.0,2.1
1104.0,749.0,4.0
1104.0,122.0,3.4
1104.0,159.0,3.8
1104.0,433.0,4.8
1104.0,509.0,4.2
1104.0,79.0,1.4
1104.0,64.0,3.5
1104.0,272.0,2.3
1104.0,326.0,2.9
1104.0,128.0,4.9
1104.0,9.0,2.8
1104.0,664.0,3.7
1104.0,515.0,3.4
1104.0,472.0,3.0
1104.0,1035.0,2.4
1104.0,70.0,3.3
1104.0,475.0,3.5
1104.0,252.0,3.1
1104.0,3.0,6.2
1104.0,195.0,2.2
1104.0,832.0,1.9
1104.0,23.0,2.9
1104.0,657.0,5.1
1104.0,11.0,2.8
1104.0,472.0,4.6
1104.0,518.0,4.4
1104.0,604.0,5.6
1104.0,432.0,3.6
1104.0,222.0,3.2
1104.0,56.0,2.4
1104.0,476.0,3.9
1104.0,514.0,3.4
1104.0,1009.0,2.4
1104.0,28.0,5.0
1104.0,490.0,5.0
1104.0,461.0,1.7
1104.0,301.0,2.9
1104.0,23.0,3.5
1104.0,118.0,3.8
1104.0,658.0,3.7
1104.0,407.0,3.1
1104.0,95.0,3.7
1104.0,168.0,2.7
1104.0,168.0,2.5
1104.0,868.0,5.0
1104.0,1162.0,5.0
1104.0,927.0,5.0
1104.0,1521.0,5.0
1104.0,1301.0,5.0
1104.0,1191.0,5.0
1105.0,194.0,4.3
1105.0,810.0,3.6
1105.0,524.0,3.5
1105.0,951.0,3.4
1105.0,77.0,4.7
1105.0,324.0,3.2
1105.0,203.0,1.6
1105.0,153.0,2.8
1105.0,135.0,2.6
1105.0,451.0,2.7
1105.0,575.0,2.9
1105.0,550.0,2.0
1105.0,79.0,2.4
1105.0,165.0,3.7
1105.0,455.0,4.3
1105.0,265.0,2.6
1105.0,196.0,4.7
1105.0,100.0,4.2
1105.0,1401.0,4.5
1105.0,975.0,4.8
1105.0,56.0,3.8
1105.0,321.0,3.9
1105.0,582.0,1.5
1105.0,15.0,1.9
1105.0,69.0,3.1
1105.0,531.0,3.2
1105.0,749.0,5.3
1105.0,122.0,4.0
1105.0,159.0,2.9
1105.0,433.0,3.2
1105.0,509.0,4.8
1105.0,79.0,3.8
1105.0,64.0,5.0
1105.0,272.0,6.5
1105.0,326.0,4.4
1105.0,128.0,1.4
1105.0,9.0,3.7
1105.0,664.0,6.4
1105.0,515.0,4.3
1105.0,472.0,4.4
1105.0,1035.0,4.3
1105.0,70.0,3.6
1105.0,475.0,4.7
1105.0,252.0,1.6
1105.0,3.0,3.3
1105.0,195.0,3.8
1105.0,832.0,1.2
1105.0,23.0,5.0
1105.0,657.0,3.8
1105.0,11.0,1.8
1105.0,472.0,2.4
1105.0,518.0,2.9
1105.0,604.0,3.8
1105.0,432.0,3.0
1105.0,222.0,1.8
1105.0,56.0,2.8
1105.0,476.0,3.4
1105.0,514.0,3.6
1105.0,1009.0,3.3
1105.0,28.0,4.7
1105.0,490.0,3.9
1105.0,461.0,4.9
1105.0,301.0,3.6
1105.0,23.0,4.6
1105.0,118.0,3.5
1105.0,658.0,4.8
1105.0,407.0,3.2
1105.0,95.0,2.9
1105.0,168.0,2.2
1105.0,168.0,2.0
1105.0,868.0,5.0
1105.0,1162.0,5.0
1105.0,927.0,5.0
1105.0,1521.0,5.0
1105.0,1301.0,5.0
1105.0,1191.0,5.0
1106.0,194.0,4.2
1106.0,810.0,3.6
1106.0,524.0,4.1
1106.0,951.0,3.5
1106.0,77.0,3.5
1106.0,324.0,3.8
1106.0,203.0,4.6
1106.0,153.0,4.4
1106.0,135.0,1.0
1106.0,451.0,3.5
1106.0,575.0,3.9
1106.0,550.0,2.6
1106.0,79.0,2.9
1106.0,165.0,2.9
1106.0,455.0,5.3
1106.0,265.0,3.7
1106.0,196.0,4.7
1106.0,100.0,2.5
1106.0,1401.0,2.1
1106.0,975.0,1.8
1106.0,56.0,2.6
1106.0,321.0,2.9
1106.0,582.0,3.6
1106.0,15.0,3.5
1106.0,69.0,5.3
1106.0,531.0,5.8
1106.0,749.0,4.0
1106.0,122.0,3.4
1106.0,159.0,4.9
1106.0,433.0,3.4
1106.0,509.0,4.7
1106.0,79.0,3.9
1106.0,64.0,3.5
1106.0,272.0,3.0
1106.0,326.0,3.4
1106.0,128.0,3.6
1106.0,9.0,6.7
1106.0,664.0,3.2
1106.0,515.0,2.8
1106.0,472.0,3.8
1106.0,1035.0,2.4
1106.0,70.0,3.6
1106.0,475.0,4.6
1106.0,252.0,4.9
1106.0,3.0,2.1
1106.0,195.0,3.6
1106.0,832.0,2.9
1106.0,23.0,3.0
1106.0,657.0,3.1
1106.0,11.0,4.3
1106.0,472.0,3.6
1106.0,518.0,3.9
1106.0,604.0,1.9
1106.0,432.0,6.0
1106.0,222.0,3.3
1106.0,56.0,4.1
1106.0,476.0,2.6
1106.0,514.0,1.1
1106.0,1009.0,2.9
1106.0,28.0,2.9
1106.0,490.0,3.1
1106.0,461.0,2.9
1106.0,301.0,4.2
1106.0,23.0,3.1
1106.0,118.0,2.7
1106.0,658.0,2.8
1106.0,407.0,4.4
1106.0,95.0,3.8
1106.0,168.0,4.6
1106.0,168.0,3.3
1106.0,868.0,5.0
1106.0,1162.0,5.0
1106.0,927.0,5.0
1106.0,1521.0,5.0
1106.0,1301.0,5.0
1106.0,1191.0,5.0
1107.0,194.0,2.8
1107.0,810.0,4.6
1107.0,524.0,4.0
1107.0,951.0,2.3
1107.0,77.0,5.0
1107.0,324.0,2.8
1107.0,203.0,3.7
1107.0,153.0,3.4
1107.0,135.0,2.2
1107.0,451.0,2.6
1107.0,575.0,2.8
1107.0,550.0,3.3
1107.0,79.0,4.0
1107.0,165.0,2.6
1107.0,455.0,5.0
1107.0,265.0,2.4
1107.0,196.0,4.0
1107.0,100.0,5.7
1107.0,1401.0,2.5
1107.0,975.0,2.9
1107.0,56.0,2.2
1107.0,321.0,1.3
1107.0,582.0,2.9
1107.0,15.0,4.9
1107.0,69.0,4.0
1107.0,531.0,3.3
1107.0,749.0,3.4
1107.0,122.0,2.8
1107.0,159.0,3.0
1107.0,433.0,3.4
1107.0,509.0,3.9
1107.0,79.0,2.7
1107.0,64.0,4.8
1107.0,272.0,3.9
1107.0,326.0,3.8
1107.0,128.0,3.1
1107.0,9.0,4.0
1107.0,664.0,2.8
1107.0,515.0,2.9
1107.0,472.0,3.6
1107.0,1035.0,3.2
1107.0,70.0,2.7
1107.0,475.0,5.2
1107.0,252.0,2.4
1107.0,3.0,3.7
1107.0,195.0,2.3
1107.0,832.0,3.8
1107.0,23.0,4.1
1107.0,657.0,2.5
1107.0,11.0,4.0
1107.0,472.0,2.2
1107.0,518.0,4.1
1107.0,604.0,5.4
1107.0,432.0,2.7
1107.0,222.0,4.3
1107.0,56.0,3.7
1107.0,476.0,3.2
1107.0,514.0,4.0
1107.0,1009.0,3.8
1107.0,28.0,3.8
1107.0,490.0,5.2
1107.0,461.0,4.3
1107.0,301.0,2.8
1107.0,23.0,2.7
1107.0,118.0,3.6
1107.0,658.0,2.7
1107.0,407.0,5.3
1107.0,95.0,5.0
1107.0,168.0,3.4
1107.0,168.0,4.3
1107.0,868.0,5.0
1107.0,1162.0,5.0
1107.0,927.0,5.0
1107.0,1521.0,5.0
1107.0,1301.0,5.0
1107.0,1191.0,5.0
1108.0,194.0,4.8
1108.0,810.0,2.6
1108.0,524.0,5.6
1108.0,951.0,6.7
1108.0,77.0,3.8
1108.0,324.0,3.6
1108.0,203.0,1.3
1108.0,153.0,3.4
1108.0,135.0,3.1
1108.0,451.0,3.5
1108.0,575.0,3.1
1108.0,550.0,2.4
1108.0,79.0,4.5
1108.0,165.0,5.0
1108.0,455.0,3.7
1108.0,265.0,4.9
1108.0,196.0,3.6
1108.0,100.0,3.1
1108.0,1401.0,3.0
1108.0,975.0,3.3
1108.0,56.0,2.4
1108.0,321.0,3.0
1108.0,582.0,2.8
1108.0,15.0,3.2
1108.0,69.0,3.1
1108.0,531.0,3.9
1108.0,749.0,2.7
1108.0,122.0,3.5
1108.0,159.0,2.7
1108.0,433.0,2.1
1108.0,509.0,4.7
1108.0,79.0,3.7
1108.0,64.0,4.3
1108.0,272.0,3.0
1108.0,326.0,4.0
1108.0,128.0,3.7
1108.0,9.0,3.6
1108.0,664.0,2.9
1108.0,515.0,3.0
1108.0,472.0,4.2
1108.0,1035.0,3.7
1108.0,70.0,4.5
1108.0,475.0,3.4
1108.0,252.0,1.9
1108.0,3.0,4.8
1108.0,195.0,4.9
1108.0,832.0,2.2
1108.0,23.0,5.4
1108.0,657.0,3.6
1108.0,11.0,2.7
1108.0,472.0,2.4
1108.0,518.0,1.8
1108.0,604.0,4.4
1108.0,432.0,3.1
1108.0,222.0,3.3
1108.0,56.0,4.9
1108.0,476.0,4.9
1108.0,514.0,3.4
1108.0,1009.0,4.4
1108.0,28.0,2.4
1108.0,490.0,4.6
1108.0,461.0,3.0
1108.0,301.0,4.7
1108.0,23.0,2.6
1108.0,118.0,5.1
1108.0,658.0,4.2
1108.0,407.0,1.4
1108.0,95.0,3.6
1108.0,168.0,3.2
1108.0,168.0,4.9
1108.0,868.0,5.0
1108.0,1162.0,5.0
1108.0,927.0,5.0
1108.0,1521.0,5.0
1108.0,1301.0,5.0
1108.0,1191.0,5.0
1109.0,194.0,3.4
1109.0,810.0,3.5
1109.0,524.0,3.7
1109.0,951.0,4.9
1109.0,77.0,2.9
1109.0,324.0,4.6
1109.0,203.0,2.6
1109.0,153.0,2.6
1109.0,135.0,5.6
1109.0,451.0,2.0
1109.0,575.0,4.0
1109.0,550.0,2.4
1109.0,79.0,4.2
1109.0,165.0,4.8
1109.0,455.0,4.0
1109.0,265.0,2.7
1109.0,196.0,1.8
1109.0,100.0,2.5
1109.0,1401.0,3.8
1109.0,975.0,0.7
1109.0,56.0,2.2
1109.0,321.0,4.1
1109.0,582.0,4.6
1109.0,15.0,3.6
1109.0,69.0,2.9
1109.0,531.0,3.9
1109.0,749.0,3.1
1109.0,122.0,2.9
1109.0,159.0,2.8
1109.0,433.0,1.9
1109.0,509.0,2.5
1109.0,79.0,5.3
1109.0,64.0,1.9
1109.0,272.0,2.7
1109.0,326.0,2.5
1109.0,128.0,2.9
1109.0,9.0,3.2
1109.0,664.0,3.3
1109.0,515.0,4.0
1109.0,472.0,3.7
1109.0,1035.0,5.8
1109.0,70.0,6.1
1109.0,475.0,3.5
1109.0,252.0,5.1
1109.0,3.0,3.1
1109.0,195.0,4.5
1109.0,832.0,4.5
1109.0,23.0,3.7
1109.0,657.0,3.4
1109.0,11.0,4.9
1109.0,472.0,4.1
1109.0,518.0,3.1
1109.0,604.0,1.1
1109.0,432.0,6.4
1109.0,222.0,2.4
1109.0,56.0,3.1
1109.0,476.0,3.1
1109.0,514.0,2.0
1109.0,1009.0,3.0
1109.0,28.0,5.6
1109.0,490.0,3.1
1109.0,461.0,4.8
1109.0,301.0,3.8
1109.0,23.0,2.2
1109.0,118.0,2.9
1109.0,658.0,4.1
1109.0,407.0,5.5
1109.0,95.0,2.6
1109.0,168.0,2.5
1109.0,168.0,5.2
1109.0,868.0,5.0
1109.0,1162.0,5.0
1109.0,927.0,5.0
1109.0,1521.0,5.0
1109.0,1301.0,5.0
1109.0,1191.0,5.0
1110.0,194.0,3.4
1110.0,810.0,4.0
1110.0,524.0,3.1
1110.0,951.0,2.4
1110.0,77.0,2.8
1110.0,324.0,4.1
1110.0,203.0,3.6
1110.0,153.0,3.4
1110.0,135.0,2.5
1110.0,451.0,5.3
1110.0,575.0,2.4
1110.0,550.0,2.1
1110.0,79.0,4.8
1110.0,165.0,2.4
1110.0,455.0,5.1
1110.0,265.0,4.4
1110.0,196.0,4.8
1110.0,100.0,4.5
1110.0,1401.0,4.1
1110.0,975.0,4.5
1110.0,56.0,3.6
1110.0,321.0,4.4
1110.0,582.0,2.2
1110.0,15.0,3.7
1110.0,69.0,5.8
1110.0,531.0,3.3
1110.0,749.0,1.9
1110.0,122.0,3.7
1110.0,159.0,4.1
1110.0,433.0,3.2
1110.0,509.0,1.5
1110.0,79.0,3.5
1110.0,64.0,5.6
1110.0,272.0,3.0
1110.0,326.0,3.7
1110.0,128.0,2.3
1110.0,9.0,2.4
1110.0,664.0,1.7
1110.0,515.0,2.6
1110.0,472.0,4.0
1110.0,1035.0,2.3
1110.0,70.0,4.8
1110.0,475.0,3.9
1110.0,252.0,4.3
1110.0,3.0,3.2
1110.0,195.0,3.1
1110.0,832.0,3.3
1110.0,23.0,1.6
1110.0,657.0,6.8
1110.0,11.0,3.3
1110.0,472.0,4.6
1110.0,518.0,4.4
1110.0,604.0,2.4
1110.0,432.0,2.8
1110.0,222.0,3.5
1110.0,56.0,4.7
1110.0,476.0,4.2
1110.0,514.0,0.8
1110.0,1009.0,2.0
1110.0,28.0,4.1
1110.0,490.0,3.9
1110.0,461.0,4.5
1110.0,301.0,1.2
1110.0,23.0,2.7
1110.0,118.0,3.6
1110.0,658.0,5.4
1110.0,407.0,5.0
1110.0,95.0,3.8
1110.0,168.0,3.4
1110.0,168.0,4.5
1110.0,868.0,5.0
1110.0,1162.0,5.0
1110.0,927.0,5.0
1110.0,1521.0,5.0
1110.0,1301.0,5.0
1110.0,1191.0,5.0
1111.0,194.0,3.2
1111.0,810.0,3.7
1111.0,524.0,3.2
1111.0,951.0,2.1
1111.0,77.0,3.7
1111.0,324.0,3.2
1111.0,203.0,4.4
1111.0,153.0,2.6
1111.0,135.0,3.6
1111.0,451.0,3.8
1111.0,575.0,5.1
1111.0,550.0,4.3
1111.0,79.0,4.8
1111.0,165.0,3.2
1111.0,455.0,2.2
1111.0,265.0,1.8
1111.0,196.0,2.3
1111.0,100.0,1.9
1111.0,1401.0,2.5
1111.0,975.0,4.7
1111.0,56.0,2.6
1111.0,321.0,1.6
1111.0,582.0,2.9
1111.0,15.0,4.5
1111.0,69.0,4.8
1111.0,531.0,3.5
1111.0,749.0,1.6
1111.0,122.0,2.1
1111.0,159.0,3.0
1111.0,433.0,2.9
1111.0,509.0,3.8
1111.0,79.0,4.7
1111.0,64.0,4.4
1111.0,272.0,2.9
1111.0,326.0,3.4
1111.0,128.0,3.3
1111.0,9.0,1.4
1111.0,664.0,3.7
1111.0,515.0,2.8
1111.0,472.0,3.2
1111.0,1035.0,2.3
1111.0,70.0,4.1
1111.0,475.0,4.5
1111.0,252.0,0.4
1111.0,3.0,1.9
1111.0,195.0,4.0
1111.0,832.0,4.1
1111.0,23.0,2.7
1111.0,657.0,3.6
1111.0,11.0,4.3
1111.0,472.0,4.8
1111.0,518.0,3.6
1111.0,604.0,3.2
1111.0,432.0,3.2
1111.0,222.0,3.0
1111.0,56.0,2.4
1111.0,476.0,0.7
1111.0,514.0,2.8
1111.0,1009.0,3.8
1111.0,28.0,3.9
1111.0,490.0,3.9
1111.0,461.0,2.8
1111.0,301.0,4.1
1111.0,23.0,2.3
1111.0,118.0,3.4
1111.0,658.0,5.8
1111.0,407.0,3.0
1111.0,95.0,5.1
1111.0,168.0,1.3
1111.0,168.0,3.3
1111.0,868.0,5.0
1111.0,1162.0,5.0
1111.0,927.0,5.0
1111.0,1521.0,5.0
1111.0,1301.0,5.0
1111.0,1191.0,5.0
1112.0,194.0,5.9
1112.0,810.0,2.8
1112.0,524.0,3.3
1112.0,951.0,3.4
1112.0,77.0,1.9
1112.0,324.0,2.2
1112.0,203.0,3.2
1112.0,153.0,3.2
1112.0,135.0,0.6
1112.0,451.0,4.9
1112.0,575.0,3.7
1112.0,550.0,3.4
1112.0,79.0,3.5
1112.0,165.0,4.1
1112.0,455.0,3.8
1112.0,265.0,1.7
1112.0,196.0,3.5
1112.0,100.0,3.3
1112.0,1401.0,3.2
1112.0,975.0,3.2
1112.0,56.0,3.2
1112.0,321.0,4.5
1112.0,582.0,1.7
1112.0,15.0,4.5
1112.0,69.0,4.4
1112.0,531.0,5.0
1112.0,749.0,4.6
1112.0,122.0,4.3
1112.0,159.0,5.9
1112.0,433.0,3.5
1112.0,509.0,2.9
1112.0,79.0,2.0
1112.0,64.0,3.5
1112.0,272.0,2.7
1112.0,326.0,3.1
1112.0,128.0,2.3
1112.0,9.0,4.2
1112.0,664.0,1.9
1112.0,515.0,2.8
1112.0,472.0,3.5
1112.0,1035.0,3.0
1112.0,70.0,2.7
1112.0,475.0,3.8
1112.0,252.0,3.0
1112.0,3.0,3.2
1112.0,195.0,4.5
1112.0,832.0,3.5
1112.0,23.0,4.8
1112.0,657.0,4.0
1112.0,11.0,2.9
1112.0,472.0,1.3
1112.0,518.0,4.7
1112.0,604.0,3.6
1112.0,432.0,4.0
1112.0,222.0,3.1
1112.0,56.0,4.4
1112.0,476.0,5.1
1112.0,514.0,5.0
1112.0,1009.0,3.9
1112.0,28.0,4.1
1112.0,490.0,3.8
1112.0,461.0,4.5
1112.0,301.0,4.3
1112.0,23.0,3.7
1112.0,118.0,1.8
1112.0,658.0,3.6
1112.0,407.0,5.7
1112.0,95.0,5.8
1112.0,168.0,3.9
1112.0,168.0,3.4
1112.0,868.0,5.0
1112.0,1162.0,5.0
1112.0,927.0,5.0
1112.0,1521.0,5.0
1112.0,1301.0,5.0
1112.0,1191.0,5.0
1113.0,194.0,2.7
1113.0,810.0,2.5
1113.0,524.0,4.4
1113.0,951.0,1.7
1113.0,77.0,2.3
1113.0,324.0,3.7
1113.0,203.0,3.1
1113.0,153.0,3.4
1113.0,135.0,3.4
1113.0,451.0,1.8
1113.0,575.0,4.8
1113.0,550.0,3.9
1113.0,79.0,3.8
1113.0,165.0,4.5
1113.0,455.0,3.2
1113.0,265.0,2.4
1113.0,196.0,4.9
1113.0,100.0,1.8
1113.0,1401.0,1.0
1113.0,975.0,3.6
1113.0,56.0,3.5
1113.0,321.0,3.9
1113.0,582.0,1.3
1113.0,15.0,3.7
1113.0,69.0,3.5
1113.0,531.0,2.7
1113.0,749.0,5.0
1113.0,122.0,5.5
1113.0,159.0,3.0
1113.0,433.0,4.3
1113.0,509.0,3.9
1113.0,79.0,5.6
1113.0,64.0,5.5
1113.0,272.0,2.5
1113.0,326.0,3.9
1113.0,128.0,3.8
1113.0,9.0,2.3
1113.0,664.0,1.3
1113.0,515.0,3.1
1113.0,472.0,3.5
1113.0,1035.0,3.8
1113.0,70.0,5.8
1113.0,475.0,4.9
1113.0,252.0,3.3
1113.0,3.0,0.9
1113.0,195.0,1.8
1113.0,832.0,3.1
1113.0,23.0,3.7
1113.0,657.0,2.9
1113.0,11.0,2.8
1113.0,472.0,4.5
1113.0,518.0,3.9
1113.0,604.0,3.6
1113.0,432.0,1.8
1113.0,222.0,3.4
1113.0,56.0,4.1
1113.0,476.0,2.8
1113.0,514.0,3.6
1113.0,1009.0,5.9
1113.0,28.0,4.7
1113.0,490.0,4.1
1113.0,461.0,1.7
1113.0,301.0,3.3
1113.0,23.0,2.0
1113.0,118.0,3.3
1113.0,658.0,3.6
1113.0,407.0,3.3
1113.0,95.0,5.3
1113.0,168.0,4.1
1113.0,168.0,3.0
1113.0,868.0,5.0
1113.0,1162.0,5.0
1113.0,927.0,5.0
1113.0,1521.0,5.0
1113.0,1301.0,5.0
1113.0,1191.0,5.0
1114.0,194.0,1.9
1114.0,810.0,2.4
1114.0,524.0,2.0
1114.0,951.0,1.9
1114.0,77.0,4.0
1114.0,324.0,5.0
1114.0,203.0,4.6
1114.0,153.0,3.2
1114.0,135.0,4.4
1114.0,451.0,3.6
1114.0,575.0,2.9
1114.0,550.0,4.3
1114.0,79.0,5.7
1114.0,165.0,2.9
1114.0,455.0,6.4
1114.0,265.0,2.7
1114.0,196.0,3.4
1114.0,100.0,4.2
1114.0,1401.0,3.3
1114.0,975.0,3.0
1114.0,56.0,3.4
1114.0,321.0,3.3
1114.0,582.0,3.6
1114.0,15.0,4.3
1114.0,69.0,4.3
1114.0,531.0,4.4
1114.0,749.0,3.1
1114.0,122.0,1.8
1114.0,159.0,4.0
1114.0,433.0,2.5
1114.0,509.0,4.0
1114.0,79.0,4.9
1114.0,64.0,1.1
1114.0,272.0,4.2
1114.0,326.0,3.4
1114.0,128.0,3.8
1114.0,9.0,2.3
1114.0,664.0,3.3
1114.0,515.0,1.7
1114.0,472.0,3.1
1114.0,1035.0,3.3
1114.0,70.0,5.2
1114.0,475.0,4.2
1114.0,252.0,3.8
1114.0,3.0,4.2
1114.0,195.0,5.2
1114.0,832.0,2.3
1114.0,23.0,3.2
1114.0,657.0,3.0
1114.0,11.0,1.1
1114.0,472.0,3.9
1114.0,518.0,0.5
1114.0,604.0,3.5
1114.0,432.0,2.2
1114.0,222.0,3.3
1114.0,56.0,4.8
1114.0,476.0,5.3
1114.0,514.0,4.4
1114.0,1009.0,2.1
1114.0,28.0,2.7
1114.0,490.0,2.1
1114.0,461.0,5.4
1114.0,301.0,4.0
1114.0,23.0,3.9
1114.0,118.0,4.0
1114.0,658.0,3.2
1114.0,407.0,3.7
1114.0,95.0,2.5
1114.0,168.0,1.9
1114.0,168.0,4.0
1114.0,868.0,5.0
1114.0,1162.0,5.0
1114.0,927.0,5.0
1114.0,1521.0,5.0
1114.0,1301.0,5.0
1114.0,1191.0,5.0
1115.0,194.0,3.4
1115.0,810.0,0.8
1115.0,524.0,3.5
1115.0,951.0,3.3
1115.0,77.0,4.1
1115.0,324.0,2.4
1115.0,203.0,5.1
1115.0,153.0,2.5
1115.0,135.0,2.1
1115.0,451.0,3.3
1115.0,575.0,2.6
1115.0,550.0,3.3
1115.0,79.0,3.9
1115.0,165.0,2.7
1115.0,455.0,3.5
1115.0,265.0,4.2
1115.0,196.0,4.1
1115.0,100.0,3.1
1115.0,1401.0,3.3
1115.0,975.0,2.2
1115.0,56.0,3.8
1115.0,321.0,2.2
1115.0,582.0,5.4
1115.0,15.0,3.7
1115.0,69.0,3.0
1115.0,531.0,4.7
1115.0,749.0,4.2
1115.0,122.0,3.3
1115.0,159.0,3.1
1115.0,433.0,3.3
1115.0,509.0,4.5
1115.0,79.0,2.3
1115.0,64.0,2.5
1115.0,272.0,4.0
1115.0,326.0,3.7
1115.0,128.0,1.1
1115.0,9.0,4.1
1115.0,664.0,2.2
1115.0,515.0,2.6
1115.0,472.0,3.7
1115.0,1035.0,2.7
1115.0,70.0,4.1
1115.0,475.0,4.8
1115.0,252.0,3.6
1115.0,3.0,4.0
1115.0,195.0,2.3
1115.0,832.0,1.8
1115.0,23.0,3.4
1115.0,657.0,4.0
1115.0,11.0,0.7
1115.0,472.0,3.3
1115.0,518.0,4.6
1115.0,604.0,4.8
1115.0,432.0,4.1
1115.0,222.0,4.3
1115.0,56.0,1.7
1115.0,476.0,3.8
1115.0,514.0,4.3
1115.0,1009.0,4.7
1115.0,28.0,4.9
1115.0,490.0,4.4
1115.0,461.0,3.4
1115.0,301.0,4.4
1115.0,23.0,3.6
1115.0,118.0,5.1
1115.0,658.0,2.1
1115.0,407.0,4.7
1115.0,95.0,3.1
1115.0,168.0,6.3
1115.0,168.0,3.6
1115.0,868.0,5.0
1115.0,1162.0,5.0
1115.0,927.0,5.0
1115.0,1521.0,5.0
1115.0,1301.0,5.0
1115.0,1191.0,5.0
1116.0,194.0,3.6
1116.0,810.0,2.8
1116.0,524.0,1.1
1116.0,951.0,1.7
1116.0,77.0,3.4
1116.0,324.0,5.1
1116.0,203.0,4.0
1116.0,153.0,3.8
1116.0,135.0,1.3
1116.0,451.0,5.6
1116.0,575.0,3.9
1116.0,550.0,5.0
1116.0,79.0,1.9
1116.0,165.0,4.1
1116.0,455.0,2.4
1116.0,265.0,2.4
1116.0,196.0,3.5
1116.0,100.0,3.0
1116.0,1401.0,2.0
1116.0,975.0,2.6
1116.0,56.0,4.7
1116.0,321.0,1.6
1116.0,582.0,5.7
1116.0,15.0,2.3
1116.0,69.0,3.2
1116.0,531.0,4.9
1116.0,749.0,4.0
1116.0,122.0,3.4
1116.0,159.0,4.8
1116.0,433.0,4.4
1116.0,509.0,4.0
1116.0,79.0,4.4
1116.0,64.0,4.3
1116.0,272.0,1.4
1116.0,326.0,3.7
1116.0,128.0,4.2
1116.0,9.0,4.0
1116.0,664.0,3.4
1116.0,515.0,2.7
1116.0,472.0,2.0
1116.0,1035.0,2.5
1116.0,70.0,2.6
1116.0,475.0,3.6
1116.0,252.0,4.2
1116.0,3.0,4.2
1116.0,195.0,3.1
1116.0,832.0,2.6
1116.0,23.0,2.8
1116.0,657.0,3.3
1116.0,11.0,5.0
1116.0,472.0,3.7
1116.0,518.0,1.9
1116.0,604.0,5.1
1116.0,432.0,5.5
1116.0,222.0,3.0
1116.0,56.0,3.4
1116.0,476.0,2.4
1116.0,514.0,3.2
1116.0,1009.0,1.7
1116.0,28.0,2.9
1116.0,490.0,2.3
1116.0,461.0,3.9
1116.0,301.0,5.0
1116.0,23.0,3.5
1116.0,118.0,3.4
1116.0,658.0,1.3
1116.0,407.0,3.0
1116.0,95.0,3.6
1116.0,168.0,1.6
1116.0,168.0,5.1
1116.0,868.0,5.0
1116.0,1162.0,5.0
1116.0,927.0,5.0
1116.0,1521.0,5.0
1116.0,1301.0,5.0
1116.0,1191.0,5.0
1117.0,194.0,4.2
1117.0,810.0,1.5
1117.0,524.0,2.7
1117.0,951.0,6.0
1117.0,77.0,2.9
1117.0,324.0,2.7
1117.0,203.0,2.8
1117.0,153.0,4.2
1117.0,135.0,5.6
1117.0,451.0,3.6
1117.0,575.0,4.1
1117.0,550.0,2.8
1117.0,79.0,3.2
1117.0,165.0,2.0
1117.0,455.0,3.8
1117.0,265.0,5.0
1117.0,196.0,2.7
1117.0,100.0,2.5
1117.0,1401.0,2.4
1117.0,975.0,2.8
1117.0,56.0,6.7
1117.0,321.0,4.4
1117.0,582.0,0.5
1117.0,15.0,3.5
1117.0,69.0,2.4
1117.0,531.0,5.2
1117.0,749.0,2.7
1117.0,122.0,3.9
1117.0,159.0,2.0
1117.0,433.0,5.1
1117.0,509.0,3.1
1117.0,79.0,3.4
1117.0,64.0,5.1
1117.0,272.0,5.3
1117.0,326.0,4.0
1117.0,128.0,3.0
1117.0,9.0,4.1
1117.0,664.0,3.5
1117.0,515.0,4.0
1117.0,472.0,2.2
1117.0,1035.0,3.9
1117.0,70.0,3.2
1117.0,475.0,2.2
1117.0,252.0,4.1
1117.0,3.0,4.7
1117.0,195.0,3.2
1117.0,832.0,3.5
1117.0,23.0,5.6
1117.0,657.0,2.4
1117.0,11.0,3.2
1117.0,472.0,2.1
1117.0,518.0,2.3
1117.0,604.0,3.9
1117.0,432.0,3.8
1117.0,222.0,1.8
1117.0,56.0,4.0
1117.0,476.0,5.3
1117.0,514.0,5.4
1117.0,1009.0,4.4
1117.0,28.0,2.9
1117.0,490.0,3.9
1117.0,461.0,2.5
1117.0,301.0,4.2
1117.0,23.0,1.6
1117.0,118.0,1.4
1117.0,658.0,3.3
1117.0,407.0,4.4
1117.0,95.0,2.4
1117.0,168.0,5.4
1117.0,168.0,5.9
1117.0,868.0,5.0
1117.0,1162.0,5.0
1117.0,927.0,5.0
1117.0,1521.0,5.0
1117.0,1301.0,5.0
1117.0,1191.0,5.0
1118.0,194.0,5.3
1118.0,810.0,4.7
1118.0,524.0,1.8
1118.0,951.0,4.9
1118.0,77.0,2.9
1118.0,324.0,1.9
1118.0,203.0,4.2
1118.0,153.0,2.9
1118.0,135.0,3.1
1118.0,451.0,4.1
1118.0,575.0,5.6
1118.0,550.0,0.6
1118.0,79.0,6.1
1118.0,165.0,4.2
1118.0,455.0,4.6
1118.0,265.0,4.9
1118.0,196.0,3.4
1118.0,100.0,3.2
1118.0,1401.0,2.6
1118.0,975.0,2.6
1118.0,56.0,3.3
1118.0,321.0,2.3
1118.0,582.0,3.4
1118.0,15.0,6.0
1118.0,69.0,4.1
1118.0,531.0,3.6
1118.0,749.0,3.8
1118.0,122.0,3.3
1118.0,159.0,5.0
1118.0,433.0,6.3
1118.0,509.0,3.5
1118.0,79.0,2.8
1118.0,64.0,3.3
1118.0,272.0,3.7
1118.0,326.0,3.3
1118.0,128.0,4.6
1118.0,9.0,4.5
1118.0,664.0,3.8
1118.0,515.0,1.8
1118.0,472.0,3.5
1118.0,1035.0,2.2
1118.0,70.0,3.6
1118.0,475.0,4.3
1118.0,252.0,4.3
1118.0,3.0,2.8
1118.0,195.0,3.4
1118.0,832.0,4.0
1118.0,23.0,4.5
1118.0,657.0,1.9
1118.0,11.0,3.9
1118.0,472.0,3.5
1118.0,518.0,3.9
1118.0,604.0,5.7
1118.0,432.0,4.2
1118.0,222.0,4.3
1118.0,56.0,2.4
1118.0,476.0,2.2
1118.0,514.0,4.3
1118.0,1009.0,1.7
1118.0,28.0,1.9
1118.0,490.0,3.2
1118.0,461.0,4.5
1118.0,301.0,1.9
1118.0,23.0,2.9
1118.0,118.0,3.4
1118.0,658.0,2.7
1118.0,407.0,3.1
1118.0,95.0,4.6
1118.0,168.0,4.0
1118.0,168.0,4.4
1118.0,868.0,5.0
1118.0,1162.0,5.0
1118.0,927.0,5.0
1118.0,1521.0,5.0
1118.0,1301.0,5.0
1118.0,1191.0,5.0
1119.0,194.0,1.4
1119.0,810.0,2.9
1119.0,524.0,1.9
1119.0,951.0,1.9
1119.0,77.0,3.4
1119.0,324.0,3.1
1119.0,203.0,3.7
1119.0,153.0,3.8
1119.0,135.0,3.0
1119.0,451.0,4.3
1119.0,575.0,2.9
1119.0,550.0,3.7
1119.0,79.0,4.4
1119.0,165.0,3.7
1119.0,455.0,1.3
1119.0,265.0,3.8
1119.0,196.0,2.6
1119.0,100.0,2.0
1119.0,1401.0,3.1
1119.0,975.0,2.2
1119.0,56.0,3.3
1119.0,321.0,1.8
1119.0,582.0,3.6
1119.0,15.0,2.6
1119.0,69.0,3.9
1119.0,531.0,3.8
1119.0,749.0,2.4
1119.0,122.0,2.9
1119.0,159.0,4.8
1119.0,433.0,4.2
1119.0,509.0,1.8
1119.0,79.0,3.4
1119.0,64.0,4.5
1119.0,272.0,6.4
1119.0,326.0,3.8
1119.0,128.0,3.6
1119.0,9.0,4.2
1119.0,664.0,4.8
1119.0,515.0,3.6
1119.0,472.0,4.5
1119.0,1035.0,3.6
1119.0,70.0,4.0
1119.0,475.0,3.8
1119.0,252.0,5.6
1119.0,3.0,3.9
1119.0,195.0,3.4
1119.0,832.0,4.4
1119.0,23.0,6.1
1119.0,657.0,4.4
1119.0,11.0,4.2
1119.0,472.0,3.6
1119.0,518.0,4.2
1119.0,604.0,3.6
1119.0,432.0,4.4
1119.0,222.0,4.1
1119.0,56.0,3.8
1119.0,476.0,4.8
1119.0,514.0,4.7
1119.0,1009.0,2.8
1119.0,28.0,5.1
1119.0,490.0,4.5
1119.0,461.0,5.5
1119.0,301.0,3.6
1119.0,23.0,2.7
1119.0,118.0,3.7
1119.0,658.0,3.4
1119.0,407.0,4.7
1119.0,95.0,3.2
1119.0,168.0,4.6
1119.0,168.0,4.0
1119.0,868.0,5.0
1119.0,1162.0,5.0
1119.0,927.0,5.0
1119.0,1521.0,5.0
1119.0,1301.0,5.0
1119.0,1191.0,5.0
1120.0,194.0,5.0
1120.0,810.0,2.9
1120.0,524.0,2.6
1120.0,951.0,2.8
1120.0,77.0,2.4
1120.0,324.0,4.2
1120.0,203.0,4.3
1120.0,153.0,6.8
1120.0,135.0,4.0
1120.0,451.0,5.2
1120.0,575.0,4.7
1120.0,550.0,3.1
1120.0,79.0,5.0
1120.0,165.0,1.9
1120.0,455.0,2.5
1120.0,265.0,2.9
1120.0,196.0,3.4
1120.0,100.0,2.6
1120.0,1401.0,4.1
1120.0,975.0,2.6
1120.0,56.0,5.6
1120.0,321.0,2.6
1120.0,582.0,2.4
1120.0,15.0,2.4
1120.0,69.0,3.8
1120.0,531.0,2.6
1120.0,749.0,3.3
1120.0,122.0,3.8
1120.0,159.0,2.7
1120.0,433.0,4.9
1120.0,509.0,2.2
1120.0,79.0,4.0
1120.0,64.0,5.2
1120.0,272.0,3.2
1120.0,326.0,3.2
1120.0,128.0,4.2
1120.0,9.0,2.0
1120.0,664.0,4.3
1120.0,515.0,4.7
1120.0,472.0,2.2
1120.0,1035.0,1.1
1120.0,70.0,5.4
1120.0,475.0,4.4
1120.0,252.0,4.3
1120.0,3.0,3.8
1120.0,195.0,4.5
1120.0,832.0,1.3
1120.0,23.0,3.6
1120.0,657.0,2.2
1120.0,11.0,3.7
1120.0,472.0,2.4
1120.0,518.0,4.2
1120.0,604.0,4.1
1120.0,432.0,2.8
1120.0,222.0,4.1
1120.0,56.0,4.4
1120.0,476.0,1.7
1120.0,514.0,3.2
1120.0,1009.0,3.3
1120.0,28.0,3.3
1120.0,490.0,3.1
1120.0,461.0,3.4
1120.0,301.0,3.1
1120.0,23.0,2.6
1120.0,118.0,3.2
1120.0,658.0,5.5
1120.0,407.0,1.5
1120.0,95.0,2.8
1120.0,168.0,5.5
1120.0,168.0,3.7
1120.0,868.0,5.0
1120.0,1162.0,5.0
1120.0,927.0,5.0
1120.0,1521.0,5.0
1120.0,1301.0,5.0
1120.0,1191.0,5.0
1121.0,194.0,1.9
1121.0,810.0,3.8
1121.0,524.0,3.6
1121.0,951.0,3.1
1121.0,77.0,4.0
1121.0,324.0,4.1
1121.0,203.0,2.4
1121.0,153.0,5.0
1121.0,135.0,2.7
1121.0,451.0,3.6
1121.0,575.0,2.1
1121.0,550.0,5.0
1121.0,79.0,3.8
1121.0,165.0,4.8
1121.0,455.0,1.8
1121.0,265.0,1.7
1121.0,196.0,4.9
1121.0,100.0,1.7
1121.0,1401.0,3.5
1121.0,975.0,3.2
1121.0,56.0,2.8
1121.0,321.0,5.0
1121.0,582.0,3.5
1121.0,15.0,0.6
1121.0,69.0,3.4
1121.0,531.0,-0.0
1121.0,749.0,2.5
1121.0,122.0,3.2
1121.0,159.0,3.4
1121.0,433.0,3.8
1121.0,509.0,4.1
1121.0,79.0,3.4
1121.0,64.0,2.4
1121.0,272.0,4.7
1121.0,326.0,3.8
1121.0,128.0,5.5
1121.0,9.0,3.3
1121.0,664.0,3.6
1121.0,515.0,4.2
1121.0,472.0,3.8
1121.0,1035.0,3.6
1121.0,70.0,5.5
1121.0,475.0,5.8
1121.0,252.0,0.9
1121.0,3.0,4.1
1121.0,195.0,1.7
1121.0,832.0,4.1
1121.0,23.0,2.9
1121.0,657.0,3.4
1121.0,11.0,3.7
1121.0,472.0,2.3
1121.0,518.0,5.7
1121.0,604.0,3.2
1121.0,432.0,3.7
1121.0,222.0,4.2
1121.0,56.0,4.4
1121.0,476.0,2.8
1121.0,514.0,4.3
1121.0,1009.0,3.8
1121.0,28.0,5.2
1121.0,490.0,2.6
1121.0,461.0,5.3
1121.0,301.0,2.7
1121.0,23.0,3.4
1121.0,118.0,1.9
1121.0,658.0,2.3
1121.0,407.0,3.2
1121.0,95.0,1.2
1121.0,168.0,0.7
1121.0,168.0,4.0
1121.0,868.0,5.0
1121.0,1162.0,5.0
1121.0,927.0,5.0
1121.0,1521.0,5.0
1121.0,1301.0,5.0
1121.0,1191.0,5.0
1122.0,194.0,3.5
1122.0,810.0,5.2
1122.0,524.0,1.3
1122.0,951.0,3.9
1122.0,77.0,3.6
1122.0,324.0,1.3
1122.0,203.0,2.0
1122.0,153.0,3.1
1122.0,135.0,3.1
1122.0,451.0,3.8
1122.0,575.0,3.8
1122.0,550.0,4.8
1122.0,79.0,2.0
1122.0,165.0,1.9
1122.0,455.0,4.7
1122.0,265.0,4.1
1122.0,196.0,1.8
1122.0,100.0,3.5
1122.0,1401.0,5.5
1122.0,975.0,4.2
1122.0,56.0,5.9
1122.0,321.0,2.3
1122.0,582.0,3.2
1122.0,15.0,4.0
1122.0,69.0,3.0
1122.0,531.0,3.7
1122.0,749.0,2.8
1122.0,122.0,3.2
1122.0,159.0,3.9
1122.0,433.0,3.0
1122.0,509.0,1.7
1122.0,79.0,4.5
1122.0,64.0,4.9
1122.0,272.0,4.6
1122.0,326.0,5.7
1122.0,128.0,3.3
1122.0,9.0,4.3
1122.0,664.0,4.5
1122.0,515.0,3.2
1122.0,472.0,3.4
1122.0,1035.0,3.0
1122.0,70.0,-0.2
1122.0,475.0,3.8
1122.0,252.0,5.3
1122.0,3.0,3.0
1122.0,195.0,3.8
1122.0,832.0,2.8
1122.0,23.0,2.1
1122.0,657.0,5.0
1122.0,11.0,2.2
1122.0,472.0,2.4
1122.0,518.0,3.6
1122.0,604.0,1.9
1122.0,432.0,2.8
1122.0,222.0,4.6
1122.0,56.0,4.3
1122.0,476.0,4.8
1122.0,514.0,3.1
1122.0,1009.0,6.2
1122.0,28.0,2.8
1122.0,490.0,2.2
1122.0,461.0,4.1
1122.0,301.0,2.8
1122.0,23.0,3.6
1122.0,118.0,5.1
1122.0,658.0,2.1
1122.0,407.0,3.8
1122.0,95.0,4.1
1122.0,168.0,2.9
1122.0,168.0,2.5
1122.0,868.0,5.0
1122.0,1162.0,5.0
1122.0,927.0,5.0
1122.0,1521.0,5.0
1122.0,1301.0,5.0
1122.0,1191.0,5.0
1123.0,194.0,3.3
1123.0,810.0,3.9
1123.0,524.0,3.4
1123.0,951.0,2.3
1123.0,77.0,3.6
1123.0,324.0,2.4
1123.0,203.0,3.7
1123.0,153.0,4.1
1123.0,135.0,3.9
1123.0,451.0,4.0
1123.0,575.0,5.6
1123.0,550.0,4.5
1123.0,79.0,3.2
1123.0,165.0,4.7
1123.0,455.0,1.6
1123.0,265.0,3.2
1123.0,196.0,5.3
1123.0,100.0,2.5
1123.0,1401.0,3.1
1123.0,975.0,4.8
1123.0,56.0,2.0
1123.0,321.0,1.7
1123.0,582.0,5.1
1123.0,15.0,3.0
1123.0,69.0,3.9
1123.0,531.0,1.9
1123.0,749.0,3.7
1123.0,122.0,1.0
1123.0,159.0,3.2
1123.0,433.0,4.2
1123.0,509.0,2.1
1123.0,79.0,4.6
1123.0,64.0,3.3
1123.0,272.0,0.6
1123.0,326.0,2.8
1123.0,128.0,4.4
1123.0,9.0,0.9
1123.0,664.0,2.4
1123.0,515.0,3.1
1123.0,472.0,5.0
1123.0,1035.0,3.8
1123.0,70.0,3.9
1123.0,475.0,1.9
1123.0,252.0,2.8
1123.0,3.0,3.8
1123.0,195.0,3.3
1123.0,832.0,2.9
1123.0,23.0,2.9
1123.0,657.0,5.6
1123.0,11.0,5.3
1123.0,472.0,0.9
1123.0,518.0,2.1
1123.0,604.0,4.0
1123.0,432.0,5.8
1123.0,222.0,4.4
1123.0,56.0,2.9
1123.0,476.0,3.8
1123.0,514.0,3.2
1123.0,1009.0,4.7
1123.0,28.0,3.3
1123.0,490.0,3.7
1123.0,461.0,5.2
1123.0,301.0,3.2
1123.0,23.0,4.0
1123.0,118.0,1.9
1123.0,658.0,2.7
1123.0,407.0,2.3
1123.0,95.0,3.7
1123.0,168.0,3.7
1123.0,168.0,3.4
1123.0,868.0,5.0
1123.0,1162.0,5.0
1123.0,927.0,5.0
1123.0,1521.0,5.0
1123.0,1301.0,5.0
1123.0,1191.0,5.0
1124.0,194.0,4.0
1124.0,810.0,5.4
1124.0,524.0,4.0
1124.0,951.0,3.5
1124.0,77.0,1.8
1124.0,324.0,2.7
1124.0,203.0,3.8
1124.0,153.0,4.9
1124.0,135.0,3.6
1124.0,451.0,0.3
1124.0,575.0,2.6
1124.0,550.0,5.5
1124.0,79.0,6.1
1124.0,165.0,4.8
1124.0,455.0,4.5
1124.0,265.0,4.6
1124.0,196.0,2.5
1124.0,100.0,3.4
1124.0,1401.0,3.5
1124.0,975.0,3.8
1124.0,56.0,4.7
1124.0,321.0,4.8
1124.0,582.0,4.1
1124.0,15.0,1.6
1124.0,69.0,3.3
1124.0,531.0,5.7
1124.0,749.0,4.5
1124.0,122.0,4.7
1124.0,159.0,5.3
1124.0,433.0,3.9
1124.0,509.0,2.3
1124.0,79.0,1.6
1124.0,64.0,3.0
1124.0,272.0,2.9
1124.0,326.0,2.8
1124.0,128.0,5.9
1124.0,9.0,4.2
1124.0,664.0,3.6
1124.0,515.0,5.5
1124.0,472.0,4.2
1124.0,1035.0,3.3
1124.0,70.0,2.0
1124.0,475.0,3.4
1124.0,252.0,1.3
1124.0,3.0,7.6
1124.0,195.0,2.1
1124.0,832.0,3.7
1124.0,23.0,4.3
1124.0,657.0,4.3
1124.0,11.0,5.4
1124.0,472.0,3.3
1124.0,518.0,2.1
1124.0,604.0,4.7
1124.0,432.0,1.8
1124.0,222.0,4.9
1124.0,56.0,5.7
1124.0,476.0,2.8
1124.0,514.0,6.1
1124.0,1009.0,1.8
1124.0,28.0,4.3
1124.0,490.0,4.0
1124.0,461.0,4.0
1124.0,301.0,4.8
1124.0,23.0,5.4
1124.0,118.0,5.7
1124.0,658.0,3.4
1124.0,407.0,3.5
1124.0,95.0,5.0
1124.0,168.0,3.7
1124.0,168.0,3.2
1124.0,868.0,5.0
1124.0,1162.0,5.0
1124.0,927.0,5.0
1124.0,1521.0,5.0
1124.0,1301.0,5.0
1124.0,1191.0,5.0
1125.0,194.0,1.4
1125.0,810.0,3.3
1125.0,524.0,2.9
1125.0,951.0,1.8
1125.0,77.0,3.5
1125.0,324.0,3.1
1125.0,203.0,3.4
1125.0,153.0,2.7
1125.0,135.0,2.4
1125.0,451.0,2.9
1125.0,575.0,5.6
1125.0,550.0,5.3
1125.0,79.0,4.2
1125.0,165.0,3.1
1125.0,455.0,1.6
1125.0,265.0,3.3
1125.0,196.0,5.1
1125.0,100.0,2.5
1125.0,1401.0,4.7
1125.0,975.0,3.3
1125.0,56.0,3.1
1125.0,321.0,3.4
1125.0,582.0,4.0
1125.0,15.0,4.0
1125.0,69.0,3.2
1125.0,531.0,2.5
1125.0,749.0,3.3
1125.0,122.0,5.8
1125.0,159.0,1.8
1125.0,433.0,3.2
1125.0,509.0,2.5
1125.0,79.0,3.7
1125.0,64.0,4.2
1125.0,272.0,3.9
1125.0,326.0,1.4
1125.0,128.0,1.3
1125.0,9.0,2.5
1125.0,664.0,3.6
1125.0,515.0,1.9
1125.0,472.0,3.6
1125.0,1035.0,3.2
1125.0,70.0,4.1
1125.0,475.0,6.2
1125.0,252.0,3.4
1125.0,3.0,3.3
1125.0,195.0,3.7
1125.0,832.0,5.1
1125.0,23.0,3.9
1125.0,657.0,4.4
1125.0,11.0,3.0
1125.0,472.0,3.1
1125.0,518.0,2.5
1125.0,604.0,4.3
1125.0,432.0,4.2
1125.0,222.0,2.9
1125.0,56.0,3.4
1125.0,476.0,4.4
1125.0,514.0,4.7
1125.0,1009.0,2.6
1125.0,28.0,3.7
1125.0,490.0,3.9
1125.0,461.0,3.0
1125.0,301.0,5.0
1125.0,23.0,4.3
1125.0,118.0,5.4
1125.0,658.0,5.9
1125.0,407.0,6.0
1125.0,95.0,3.3
1125.0,168.0,3.1
1125.0,168.0,3.1
1125.0,868.0,5.0
1125.0,1162.0,5.0
1125.0,927.0,5.0
1125.0,1521.0,5.0
1125.0,1301.0,5.0
1125.0,1191.0,5.0
1126.0,194.0,3.6
1126.0,810.0,2.2
1126.0,524.0,3.1
1126.0,951.0,6.8
1126.0,77.0,4.5
1126.0,324.0,3.7
1126.0,203.0,4.0
1126.0,153.0,4.0
1126.0,135.0,4.5
1126.0,451.0,3.7
1126.0,575.0,3.1
1126.0,550.0,2.8
1126.0,79.0,2.2
1126.0,165.0,3.8
1126.0,455.0,4.1
1126.0,265.0,3.7
1126.0,196.0,5.7
1126.0,100.0,4.0
1126.0,1401.0,2.6
1126.0,975.0,3.2
1126.0,56.0,2.1
1126.0,321.0,3.0
1126.0,582.0,4.5
1126.0,15.0,4.1
1126.0,69.0,4.8
1126.0,531.0,2.5
1126.0,749.0,5.0
1126.0,122.0,4.5
1126.0,159.0,6.0
1126.0,433.0,1.9
1126.0,509.0,3.6
1126.0,79.0,4.8
1126.0,64.0,2.1
1126.0,272.0,1.4
1126.0,326.0,3.1
1126.0,128.0,3.0
1126.0,9.0,3.1
1126.0,664.0,0.5
1126.0,515.0,3.6
1126.0,472.0,2.8
1126.0,1035.0,3.4
1126.0,70.0,4.2
1126.0,475.0,2.0
1126.0,252.0,1.6
1126.0,3.0,4.0
1126.0,195.0,4.9
1126.0,832.0,4.3
1126.0,23.0,2.9
1126.0,657.0,3.6
1126.0,11.0,5.3
1126.0,472.0,3.3
1126.0,518.0,2.1
1126.0,604.0,2.5
1126.0,432.0,6.1
1126.0,222.0,5.7
1126.0,56.0,5.9
1126.0,476.0,5.0
1126.0,514.0,2.1
1126.0,1009.0,2.3
1126.0,28.0,2.6
1126.0,490.0,4.5
1126.0,461.0,3.4
1126.0,301.0,3.7
1126.0,23.0,3.1
1126.0,118.0,4.0
1126.0,658.0,5.1
1126.0,407.0,3.8
1126.0,95.0,2.6
1126.0,168.0,2.7
1126.0,168.0,0.8
1126.0,868.0,5.0
1126.0,1162.0,5.0
1126.0,927.0,5.0
1126.0,1521.0,5.0
1126.0,1301.0,5.0
1126.0,1191.0,5.0
1127.0,194.0,2.5
1127.0,810.0,5.3
1127.0,524.0,5.2
1127.0,951.0,2.3
1127.0,77.0,2.1
1127.0,324.0,2.2
1127.0,203.0,3.9
1127.0,153.0,4.8
1127.0,135.0,-1.2
1127.0,451.0,2.4
1127.0,575.0,2.5
1127.0,550.0,4.0
1127.0,79.0,3.7
1127.0,165.0,3.4
1127.0,455.0,4.8
1127.0,265.0,4.2
1127.0,196.0,5.3
1127.0,100.0,2.5
1127.0,1401.0,2.4
1127.0,975.0,3.3
1127.0,56.0,4.0
1127.0,321.0,1.4
1127.0,582.0,2.7
1127.0,15.0,4.4
1127.0,69.0,4.1
1127.0,531.0,4.0
1127.0,749.0,4.3
1127.0,122.0,3.9
1127.0,159.0,2.4
1127.0,433.0,3.7
1127.0,509.0,3.5
1127.0,79.0,5.0
1127.0,64.0,3.6
1127.0,272.0,5.2
1127.0,326.0,2.7
1127.0,128.0,5.1
1127.0,9.0,2.2
1127.0,664.0,5.2
1127.0,515.0,3.6
1127.0,472.0,2.9
1127.0,1035.0,3.4
1127.0,70.0,4.6
1127.0,475.0,3.4
1127.0,252.0,4.0
1127.0,3.0,3.5
1127.0,195.0,3.0
1127.0,832.0,3.2
1127.0,23.0,3.1
1127.0,657.0,3.1
1127.0,11.0,3.4
1127.0,472.0,3.3
1127.0,518.0,3.2
1127.0,604.0,4.2
1127.0,432.0,4.4
1127.0,222.0,3.6
1127.0,56.0,5.5
1127.0,476.0,5.1
1127.0,514.0,5.6
1127.0,1009.0,2.7
1127.0,28.0,2.4
1127.0,490.0,4.0
1127.0,461.0,4.1
1127.0,301.0,3.4
1127.0,23.0,4.0
1127.0,118.0,2.5
1127.0,658.0,3.5
1127.0,407.0,4.8
1127.0,95.0,3.7
1127.0,168.0,2.8
1127.0,168.0,3.4
1127.0,868.0,5.0
1127.0,1162.0,5.0
1127.0,927.0,5.0
1127.0,1521.0,5.0
1127.0,1301.0,5.0
1127.0,1191.0,5.0
1128.0,194.0,3.2
1128.0,810.0,3.1
1128.0,524.0,2.9
1128.0,951.0,2.8
1128.0,77.0,3.8
1128.0,324.0,5.0
1128.0,203.0,5.2
1128.0,153.0,1.4
1128.0,135.0,3.3
1128.0,451.0,5.0
1128.0,575.0,1.7
1128.0,550.0,5.4
1128.0,79.0,2.8
1128.0,165.0,5.0
1128.0,455.0,3.0
1128.0,265.0,2.7
1128.0,196.0,4.6
1128.0,100.0,5.4
1128.0,1401.0,4.2
1128.0,975.0,3.1
1128.0,56.0,2.4
1128.0,321.0,4.6
1128.0,582.0,4.0
1128.0,15.0,4.8
1128.0,69.0,4.6
1128.0,531.0,2.2
1128.0,749.0,3.0
1128.0,122.0,1.7
1128.0,159.0,3.7
1128.0,433.0,1.9
1128.0,509.0,2.9
1128.0,79.0,4.2
1128.0,64.0,5.3
1128.0,272.0,0.7
1128.0,326.0,2.7
1128.0,128.0,4.1
1128.0,9.0,3.6
1128.0,664.0,5.8
1128.0,515.0,2.7
1128.0,472.0,3.7
1128.0,1035.0,3.3
1128.0,70.0,4.0
1128.0,475.0,3.9
1128.0,252.0,3.1
1128.0,3.0,1.9
1128.0,195.0,3.4
1128.0,832.0,2.0
1128.0,23.0,5.3
1128.0,657.0,3.5
1128.0,11.0,2.2
1128.0,472.0,3.4
1128.0,518.0,2.7
1128.0,604.0,3.7
1128.0,432.0,3.1
1128.0,222.0,4.0
1128.0,56.0,4.0
1128.0,476.0,3.7
1128.0,514.0,4.3
1128.0,1009.0,2.6
1128.0,28.0,6.0
1128.0,490.0,3.5
1128.0,461.0,6.4
1128.0,301.0,3.3
1128.0,23.0,3.9
1128.0,118.0,4.0
1128.0,658.0,1.6
1128.0,407.0,2.8
1128.0,95.0,5.2
1128.0,168.0,3.6
1128.0,168.0,2.8
1128.0,868.0,5.0
1128.0,1162.0,5.0
1128.0,927.0,5.0
1128.0,1521.0,5.0
1128.0,1301.0,5.0
1128.0,1191.0,5.0
1129.0,194.0,3.8
1129.0,810.0,4.4
1129.0,524.0,5.1
1129.0,951.0,4.4
1129.0,77.0,2.8
1129.0,324.0,3.9
1129.0,203.0,3.7
1129.0,153.0,3.3
1129.0,135.0,4.4
1129.0,451.0,1.8
1129.0,575.0,4.2
1129.0,550.0,2.3
1129.0,79.0,5.3
1129.0,165.0,3.7
1129.0,455.0,2.6
1129.0,265.0,4.6
1129.0,196.0,3.3
1129.0,100.0,3.9
1129.0,1401.0,3.5
1129.0,975.0,3.1
1129.0,56.0,2.5
1129.0,321.0,2.3
1129.0,582.0,3.2
1129.0,15.0,4.9
1129.0,69.0,4.3
1129.0,531.0,4.3
1129.0,749.0,3.4
1129.0,122.0,4.7
1129.0,159.0,3.0
1129.0,433.0,2.5
1129.0,509.0,3.6
1129.0,79.0,1.8
1129.0,64.0,3.9
1129.0,272.0,2.7
1129.0,326.0,3.8
1129.0,128.0,3.4
1129.0,9.0,4.1
1129.0,664.0,2.1
1129.0,515.0,1.2
1129.0,472.0,4.7
1129.0,1035.0,4.3
1129.0,70.0,3.0
1129.0,475.0,4.6
1129.0,252.0,3.6
1129.0,3.0,4.0
1129.0,195.0,2.8
1129.0,832.0,3.7
1129.0,23.0,4.2
1129.0,657.0,3.4
1129.0,11.0,3.9
1129.0,472.0,3.7
1129.0,518.0,5.5
1129.0,604.0,3.1
1129.0,432.0,4.2
1129.0,222.0,4.5
1129.0,56.0,4.8
1129.0,476.0,2.9
1129.0,514.0,2.9
1129.0,1009.0,1.9
1129.0,28.0,3.6
1129.0,490.0,3.0
1129.0,461.0,5.4
1129.0,301.0,2.5
1129.0,23.0,3.4
1129.0,118.0,2.4
1129.0,658.0,4.0
1129.0,407.0,4.4
1129.0,95.0,5.4
1129.0,168.0,2.0
1129.0,168.0,4.7
1129.0,868.0,5.0
1129.0,1162.0,5.0
1129.0,927.0,5.0
1129.0,1521.0,5.0
1129.0,1301.0,5.0
1129.0,1191.0,5.0
1130.0,194.0,2.5
1130.0,810.0,1.6
1130.0,524.0,2.9
1130.0,951.0,2.9
1130.0,77.0,2.4
1130.0,324.0,2.7
1130.0,203.0,3.7
1130.0,153.0,3.9
1130.0,135.0,1.5
1130.0,451.0,6.2
1130.0,575.0,3.3
1130.0,550.0,2.8
1130.0,79.0,3.7
1130.0,165.0,2.7
1130.0,455.0,4.2
1130.0,265.0,2.3
1130.0,196.0,2.7
1130.0,100.0,3.6
1130.0,1401.0,5.2
1130.0,975.0,3.1
1130.0,56.0,4.2
1130.0,321.0,2.8
1130.0,582.0,3.9
1130.0,15.0,4.3
1130.0,69.0,3.6
1130.0,531.0,4.7
1130.0,749.0,3.7
1130.0,122.0,2.5
1130.0,159.0,2.4
1130.0,433.0,3.9
1130.0,509.0,2.0
1130.0,79.0,3.6
1130.0,64.0,4.2
1130.0,272.0,3.5
1130.0,326.0,2.7
1130.0,128.0,3.7
1130.0,9.0,3.7
1130.0,664.0,4.1
1130.0,515.0,3.6
1130.0,472.0,1.7
1130.0,1035.0,4.9
1130.0,70.0,2.6
1130.0,475.0,3.2
1130.0,252.0,3.3
1130.0,3.0,3.6
1130.0,195.0,3.2
1130.0,832.0,3.8
1130.0,23.0,2.8
1130.0,657.0,3.4
1130.0,11.0,3.9
1130.0,472.0,3.3
1130.0,518.0,1.3
1130.0,604.0,3.3
1130.0,432.0,5.1
1130.0,222.0,4.5
1130.0,56.0,3.6
1130.0,476.0,4.3
1130.0,514.0,4.1
1130.0,1009.0,2.2
1130.0,28.0,2.7
1130.0,490.0,4.5
1130.0,461.0,2.3
1130.0,301.0,5.2
1130.0,23.0,2.4
1130.0,118.0,2.5
1130.0,658.0,4.5
1130.0,407.0,4.6
1130.0,95.0,4.4
1130.0,168.0,4.1
1130.0,168.0,3.2
1130.0,868.0,5.0
1130.0,1162.0,5.0
1130.0,927.0,5.0
1130.0,1521.0,5.0
1130.0,1301.0,5.0
1130.0,1191.0,5.0
1131.0,194.0,4.2
1131.0,810.0,3.2
1131.0,524.0,4.1
1131.0,951.0,2.5
1131.0,77.0,2.1
1131.0,324.0,3.5
1131.0,203.0,3.4
1131.0,153.0,1.8
1131.0,135.0,3.8
1131.0,451.0,3.7
1131.0,575.0,1.8
1131.0,550.0,2.8
1131.0,79.0,4.0
1131.0,165.0,3.6
1131.0,455.0,4.7
1131.0,265.0,2.8
1131.0,196.0,2.4
1131.0,100.0,4.2
1131.0,1401.0,4.2
1131.0,975.0,2.2
1131.0,56.0,3.3
1131.0,321.0,3.5
1131.0,582.0,2.5
1131.0,15.0,4.7
1131.0,69.0,5.1
1131.0,531.0,4.0
1131.0,749.0,5.2
1131.0,122.0,2.8
1131.0,159.0,4.4
1131.0,433.0,3.4
1131.0,509.0,3.0
1131.0,79.0,5.6
1131.0,64.0,2.4
1131.0,272.0,3.3
1131.0,326.0,3.3
1131.0,128.0,4.9
1131.0,9.0,2.0
1131.0,664.0,1.6
1131.0,515.0,3.9
1131.0,472.0,3.6
1131.0,1035.0,2.5
1131.0,70.0,5.5
1131.0,475.0,3.7
1131.0,252.0,2.5
1131.0,3.0,2.4
1131.0,195.0,4.0
1131.0,832.0,4.3
1131.0,23.0,2.6
1131.0,657.0,4.1
1131.0,11.0,2.6
1131.0,472.0,3.6
1131.0,518.0,4.7
1131.0,604.0,3.3
1131.0,432.0,4.7
1131.0,222.0,4.8
1131.0,56.0,4.7
1131.0,476.0,3.4
1131.0,514.0,2.1
1131.0,1009.0,4.2
1131.0,28.0,4.5
1131.0,490.0,4.4
1131.0,461.0,3.0
1131.0,301.0,3.7
1131.0,23.0,4.3
1131.0,118.0,4.6
1131.0,658.0,3.5
1131.0,407.0,4.6
1131.0,95.0,2.7
1131.0,168.0,3.4
1131.0,168.0,1.7
1131.0,868.0,5.0
1131.0,1162.0,5.0
1131.0,927.0,5.0
1131.0,1521.0,5.0
1131.0,1301.0,5.0
1131.0,1191.0,5.0
1132.0,194.0,3.5
1132.0,810.0,4.2
1132.0,524.0,2.4
1132.0,951.0,4.0
1132.0,77.0,5.3
1132.0,324.0,4.1
1132.0,203.0,2.2
1132.0,153.0,4.0
1132.0,135.0,4.8
1132.0,451.0,6.0
1132.0,575.0,3.4
1132.0,550.0,4.5
1132.0,79.0,2.9
1132.0,165.0,5.3
1132.0,455.0,4.9
1132.0,265.0,3.8
1132.0,196.0,2.2
1132.0,100.0,3.7
1132.0,1401.0,4.1
1132.0,975.0,3.5
1132.0,56.0,2.6
1132.0,321.0,3.4
1132.0,582.0,3.9
1132.0,15.0,1.8
1132.0,69.0,2.5
1132.0,531.0,3.7
1132.0,749.0,3.2
1132.0,122.0,3.6
1132.0,159.0,2.7
1132.0,433.0,5.4
1132.0,509.0,3.9
1132.0,79.0,4.9
1132.0,64.0,3.7
1132.0,272.0,4.0
1132.0,326.0,3.1
1132.0,128.0,2.5
1132.0,9.0,3.9
1132.0,664.0,2.3
1132.0,515.0,4.0
1132.0,472.0,4.2
1132.0,1035.0,3.6
1132.0,70.0,4.2
1132.0,475.0,2.6
1132.0,252.0,4.5
1132.0,3.0,2.9
1132.0,195.0,1.9
1132.0,832.0,2.3
1132.0,23.0,3.6
1132.0,657.0,3.3
1132.0,11.0,5.4
1132.0,472.0,4.4
1132.0,518.0,4.4
1132.0,604.0,2.9
1132.0,432.0,3.8
1132.0,222.0,1.1
1132.0,56.0,4.2
1132.0,476.0,3.8
1132.0,514.0,4.3
1132.0,1009.0,1.8
1132.0,28.0,3.0
1132.0,490.0,5.0
1132.0,461.0,3.4
1132.0,301.0,4.2
1132.0,23.0,4.6
1132.0,118.0,4.5
1132.0,658.0,3.4
1132.0,407.0,1.2
1132.0,95.0,2.8
1132.0,168.0,3.9
1132.0,168.0,3.1
1132.0,868.0,5.0
1132.0,1162.0,5.0
1132.0,927.0,5.0
1132.0,1521.0,5.0
1132.0,1301.0,5.0
1132.0,1191.0,5.0
1133.0,194.0,3.9
1133.0,810.0,4.9
1133.0,524.0,3.3
1133.0,951.0,5.3
1133.0,77.0,1.6
1133.0,324.0,4.0
1133.0,203.0,4.3
1133.0,153.0,1.9
1133.0,135.0,4.7
1133.0,451.0,5.1
1133.0,575.0,4.7
1133.0,550.0,3.6
1133.0,79.0,5.1
1133.0,165.0,2.6
1133.0,455.0,4.1
1133.0,265.0,3.4
1133.0,196.0,3.9
1133.0,100.0,3.4
1133.0,1401.0,5.9
1133.0,975.0,3.2
1133.0,56.0,2.7
1133.0,321.0,2.7
1133.0,582.0,1.5
1133.0,15.0,4.4
1133.0,69.0,4.7
1133.0,531.0,2.3
1133.0,749.0,2.8
1133.0,122.0,2.7
1133.0,159.0,3.1
1133.0,433.0,4.3
1133.0,509.0,4.3
1133.0,79.0,2.3
1133.0,64.0,2.3
1133.0,272.0,4.0
1133.0,326.0,3.3
1133.0,128.0,3.7
1133.0,9.0,3.1
1133.0,664.0,5.7
1133.0,515.0,0.6
1133.0,472.0,1.6
1133.0,1035.0,3.5
1133.0,70.0,3.3
1133.0,475.0,3.0
1133.0,252.0,3.5
1133.0,3.0,3.8
1133.0,195.0,3.0
1133.0,832.0,1.3
1133.0,23.0,4.3
1133.0,657.0,5.4
1133.0,11.0,1.5
1133.0,472.0,4.6
1133.0,518.0,3.1
1133.0,604.0,2.0
1133.0,432.0,6.3
1133.0,222.0,3.6
1133.0,56.0,4.3
1133.0,476.0,2.3
1133.0,514.0,4.0
1133.0,1009.0,4.2
1133.0,28.0,2.0
1133.0,490.0,4.1
1133.0,461.0,5.8
1133.0,301.0,3.6
1133.0,23.0,4.2
1133.0,118.0,4.4
1133.0,658.0,4.5
1133.0,407.0,2.8
1133.0,95.0,5.1
1133.0,168.0,3.0
1133.0,168.0,2.9
1133.0,868.0,5.0
1133.0,1162.0,5.0
1133.0,927.0,5.0
1133.0,1521.0,5.0
1133.0,1301.0,5.0
1133.0,1191.0,5.0
1134.0,194.0,3.1
1134.0,810.0,3.6
1134.0,524.0,3.3
1134.0,951.0,4.6
1134.0,77.0,4.4
1134.0,324.0,3.0
1134.0,203.0,1.9
1134.0,153.0,4.7
1134.0,135.0,4.7
1134.0,451.0,2.4
1134.0,575.0,3.4
1134.0,550.0,3.5
1134.0,79.0,4.3
1134.0,165.0,2.2
1134.0,455.0,4.5
1134.0,265.0,3.3
1134.0,196.0,3.6
1134.0,100.0,1.8
1134.0,1401.0,0.8
1134.0,975.0,2.4
1134.0,56.0,3.3
1134.0,321.0,2.8
1134.0,582.0,3.5
1134.0,15.0,1.8
1134.0,69.0,2.6
1134.0,531.0,4.4
1134.0,749.0,2.7
1134.0,122.0,5.3
1134.0,159.0,2.2
1134.0,433.0,4.2
1134.0,509.0,4.0
1134.0,79.0,3.2
1134.0,64.0,2.3
1134.0,272.0,5.3
1134.0,326.0,4.1
1134.0,128.0,2.9
1134.0,9.0,2.7
1134.0,664.0,3.8
1134.0,515.0,4.1
1134.0,472.0,2.3
1134.0,1035.0,2.3
1134.0,70.0,4.0
1134.0,475.0,3.5
1134.0,252.0,1.8
1134.0,3.0,3.2
1134.0,195.0,4.4
1134.0,832.0,3.7
1134.0,23.0,2.7
1134.0,657.0,2.9
1134.0,11.0,2.9
1134.0,472.0,4.7
1134.0,518.0,3.9
1134.0,604.0,2.2
1134.0,432.0,3.3
1134.0,222.0,4.3
1134.0,56.0,3.9
1134.0,476.0,4.6
1134.0,514.0,3.2
1134.0,1009.0,3.0
1134.0,28.0,5.6
1134.0,490.0,4.5
1134.0,461.0,5.3
1134.0,301.0,6.6
1134.0,23.0,4.0
1134.0,118.0,4.8
1134.0,658.0,3.7
1134.0,407.0,3.9
1134.0,95.0,2.3
1134.0,168.0,3.7
1134.0,168.0,3.0
1134.0,868.0,5.0
1134.0,1162.0,5.0
1134.0,927.0,5.0
1134.0,1521.0,5.0
1134.0,1301.0,5.0
1134.0,1191.0,5.0
1135.0,194.0,3.3
1135.0,810.0,4.2
1135.0,524.0,3.3
1135.0,951.0,1.6
1135.0,77.0,3.2
1135.0,324.0,4.5
1135.0,203.0,3.6
1135.0,153.0,3.9
1135.0,135.0,6.2
1135.0,451.0,2.9
1135.0,575.0,2.9
1135.0,550.0,4.0
1135.0,79.0,3.9
1135.0,165.0,2.9
1135.0,455.0,4.1
1135.0,265.0,3.2
1135.0,196.0,0.4
1135.0,100.0,0.9
1135.0,1401.0,3.9
1135.0,975.0,3.2
1135.0,56.0,1.4
1135.0,321.0,1.8
1135.0,582.0,3.7
1135.0,15.0,5.5
1135.0,69.0,4.8
1135.0,531.0,3.9
1135.0,749.0,4.9
1135.0,122.0,3.3
1135.0,159.0,4.2
1135.0,433.0,3.9
1135.0,509.0,3.6
1135.0,79.0,3.9
1135.0,64.0,4.2
1135.0,272.0,4.4
1135.0,326.0,2.3
1135.0,128.0,3.4
1135.0,9.0,3.7
1135.0,664.0,3.9
1135.0,515.0,1.5
1135.0,472.0,5.8
1135.0,1035.0,2.6
1135.0,70.0,2.8
1135.0,475.0,2.7
1135.0,252.0,3.2
1135.0,3.0,4.2
1135.0,195.0,3.1
1135.0,832.0,3.0
1135.0,23.0,2.1
1135.0,657.0,4.1
1135.0,11.0,4.7
1135.0,472.0,2.6
1135.0,518.0,2.9
1135.0,604.0,4.6
1135.0,432.0,2.7
1135.0,222.0,2.9
1135.0,56.0,4.1
1135.0,476.0,3.4
1135.0,514.0,6.3
1135.0,1009.0,4.6
1135.0,28.0,4.8
1135.0,490.0,5.1
1135.0,461.0,3.8
1135.0,301.0,4.8
1135.0,23.0,4.3
1135.0,118.0,3.4
1135.0,658.0,5.1
1135.0,407.0,4.2
1135.0,95.0,2.5
1135.0,168.0,4.3
1135.0,168.0,3.3
1135.0,868.0,5.0
1135.0,1162.0,5.0
1135.0,927.0,5.0
1135.0,1521.0,5.0
1135.0,1301.0,5.0
1135.0,1191.0,5.0
1136.0,194.0,3.9
1136.0,810.0,2.2
1136.0,524.0,3.4
1136.0,951.0,2.5
1136.0,77.0,4.9
1136.0,324.0,3.8
1136.0,203.0,2.2
1136.0,153.0,3.5
1136.0,135.0,2.8
1136.0,451.0,3.4
1136.0,575.0,2.0
1136.0,550.0,4.1
1136.0,79.0,2.6
1136.0,165.0,3.9
1136.0,455.0,4.2
1136.0,265.0,4.5
1136.0,196.0,3.2
1136.0,100.0,2.0
1136.0,1401.0,2.8
1136.0,975.0,2.5
1136.0,56.0,3.9
1136.0,321.0,5.2
1136.0,582.0,2.4
1136.0,15.0,3.3
1136.0,69.0,2.7
1136.0,531.0,2.3
1136.0,749.0,3.8
1136.0,122.0,3.1
1136.0,159.0,2.1
1136.0,433.0,3.2
1136.0,509.0,4.8
1136.0,79.0,5.7
1136.0,64.0,4.0
1136.0,272.0,3.8
1136.0,326.0,3.2
1136.0,128.0,3.7
1136.0,9.0,3.6
1136.0,664.0,2.7
1136.0,515.0,3.8
1136.0,472.0,2.5
1136.0,1035.0,3.1
1136.0,70.0,2.3
1136.0,475.0,3.0
1136.0,252.0,2.4
1136.0,3.0,3.3
1136.0,195.0,1.9
1136.0,832.0,3.6
1136.0,23.0,2.6
1136.0,657.0,3.6
1136.0,11.0,3.2
1136.0,472.0,5.2
1136.0,518.0,4.5
1136.0,604.0,3.8
1136.0,432.0,3.4
1136.0,222.0,1.3
1136.0,56.0,3.5
1136.0,476.0,4.0
1136.0,514.0,4.5
1136.0,1009.0,3.7
1136.0,28.0,4.0
1136.0,490.0,2.2
1136.0,461.0,2.7
1136.0,301.0,4.2
1136.0,23.0,3.4
1136.0,118.0,3.5
1136.0,658.0,3.7
1136.0,407.0,2.1
1136.0,95.0,4.6
1136.0,168.0,4.9
1136.0,168.0,4.3
1136.0,868.0,5.0
1136.0,1162.0,5.0
1136.0,927.0,5.0
1136.0,1521.0,5.0
1136.0,1301.0,5.0
1136.0,1191.0,5.0
1137.0,194.0,4.7
1137.0,810.0,4.5
1137.0,524.0,5.0
1137.0,951.0,4.2
1137.0,77.0,2.1
1137.0,324.0,2.7
1137.0,203.0,3.9
1137.0,153.0,2.6
1137.0,135.0,3.4
1137.0,451.0,4.1
1137.0,575.0,4.5
1137.0,550.0,4.9
1137.0,79.0,4.0
1137.0,165.0,3.4
1137.0,455.0,4.9
1137.0,265.0,3.7
1137.0,196.0,4.4
1137.0,100.0,4.7
1137.0,1401.0,3.8
1137.0,975.0,5.0
1137.0,56.0,4.4
1137.0,321.0,4.2
1137.0,582.0,2.3
1137.0,15.0,5.1
1137.0,69.0,4.8
1137.0,531.0,4.8
1137.0,749.0,2.8
1137.0,122.0,3.7
1137.0,159.0,5.3
1137.0,433.0,3.2
1137.0,509.0,0.9
1137.0,79.0,3.4
1137.0,64.0,4.6
1137.0,272.0,4.5
1137.0,326.0,5.4
1137.0,128.0,3.6
1137.0,9.0,3.3
1137.0,664.0,4.7
1137.0,515.0,3.1
1137.0,472.0,2.4
1137.0,1035.0,4.0
1137.0,70.0,4.0
1137.0,475.0,3.5
1137.0,252.0,4.1
1137.0,3.0,2.6
1137.0,195.0,3.1
1137.0,832.0,1.6
1137.0,23.0,4.9
1137.0,657.0,3.5
1137.0,11.0,3.9
1137.0,472.0,4.5
1137.0,518.0,3.2
1137.0,604.0,3.4
1137.0,432.0,4.4
1137.0,222.0,0.6
1137.0,56.0,3.5
1137.0,476.0,4.0
1137.0,514.0,4.2
1137.0,1009.0,3.4
1137.0,28.0,5.7
1137.0,490.0,3.4
1137.0,461.0,3.9
1137.0,301.0,1.2
1137.0,23.0,2.0
1137.0,118.0,5.2
1137.0,658.0,3.8
1137.0,407.0,4.1
1137.0,95.0,5.6
1137.0,168.0,2.5
1137.0,168.0,3.7
1137.0,868.0,5.0
1137.0,1162.0,5.0
1137.0,927.0,5.0
1137.0,1521.0,5.0
1137.0,1301.0,5.0
1137.0,1191.0,5.0
1138.0,194.0,2.3
1138.0,810.0,4.9
1138.0,524.0,4.5
1138.0,951.0,1.8
1138.0,77.0,6.5
1138.0,324.0,2.1
1138.0,203.0,3.3
1138.0,153.0,4.0
1138.0,135.0,4.6
1138.0,451.0,3.7
1138.0,575.0,3.3
1138.0,550.0,1.9
1138.0,79.0,2.3
1138.0,165.0,3.4
1138.0,455.0,2.5
1138.0,265.0,3.1
1138.0,196.0,2.9
1138.0,100.0,3.2
1138.0,1401.0,6.8
1138.0,975.0,2.1
1138.0,56.0,2.5
1138.0,321.0,2.2
1138.0,582.0,2.5
1138.0,15.0,2.6
1138.0,69.0,2.4
1138.0,531.0,2.8
1138.0,749.0,3.0
1138.0,122.0,3.4
1138.0,159.0,3.7
1138.0,433.0,2.0
1138.0,509.0,3.5
1138.0,79.0,2.8
1138.0,64.0,4.5
1138.0,272.0,2.8
1138.0,326.0,5.1
1138.0,128.0,5.2
1138.0,9.0,2.0
1138.0,664.0,0.6
1138.0,515.0,3.3
1138.0,472.0,1.8
1138.0,1035.0,3.6
1138.0,70.0,2.4
1138.0,475.0,4.4
1138.0,252.0,2.8
1138.0,3.0,3.7
1138.0,195.0,3.4
1138.0,832.0,2.8
1138.0,23.0,5.1
1138.0,657.0,2.4
1138.0,11.0,3.9
1138.0,472.0,4.8
1138.0,518.0,3.8
1138.0,604.0,3.3
1138.0,432.0,3.8
1138.0,222.0,2.7
1138.0,56.0,3.1
1138.0,476.0,3.7
1138.0,514.0,4.3
1138.0,1009.0,3.4
1138.0,28.0,3.7
1138.0,490.0,3.4
1138.0,461.0,4.7
1138.0,301.0,2.5
1138.0,23.0,3.6
1138.0,118.0,3.9
1138.0,658.0,4.0
1138.0,407.0,4.7
1138.0,95.0,2.6
1138.0,168.0,4.5
1138.0,168.0,3.3
1138.0,868.0,5.0
1138.0,1162.0,5.0
1138.0,927.0,5.0
1138.0,1521.0,5.0
1138.0,1301.0,5.0
1138.0,1191.0,5.0
1139.0,194.0,2.6
1139.0,810.0,2.6
1139.0,524.0,3.5
1139.0,951.0,3.5
1139.0,77.0,2.1
1139.0,324.0,3.5
1139.0,203.0,3.4
1139.0,153.0,3.8
1139.0,135.0,3.9
1139.0,451.0,3.8
1139.0,575.0,3.2
1139.0,550.0,2.8
1139.0,79.0,1.8
1139.0,165.0,2.2
1139.0,455.0,2.7
1139.0,265.0,3.5
1139.0,196.0,3.2
1139.0,100.0,3.8
1139.0,1401.0,5.3
1139.0,975.0,4.3
1139.0,56.0,3.1
1139.0,321.0,3.2
1139.0,582.0,3.9
1139.0,15.0,4.4
1139.0,69.0,3.9
1139.0,531.0,5.5
1139.0,749.0,2.4
1139.0,122.0,5.3
1139.0,159.0,3.6
1139.0,433.0,3.1
1139.0,509.0,4.7
1139.0,79.0,3.9
1139.0,64.0,3.5
1139.0,272.0,4.3
1139.0,326.0,2.0
1139.0,128.0,4.5
1139.0,9.0,2.5
1139.0,664.0,4.4
1139.0,515.0,4.0
1139.0,472.0,2.6
1139.0,1035.0,3.2
1139.0,70.0,2.7
1139.0,475.0,3.3
1139.0,252.0,3.9
1139.0,3.0,3.8
1139.0,195.0,3.6
1139.0,832.0,4.1
1139.0,23.0,3.3
1139.0,657.0,4.3
1139.0,11.0,4.4
1139.0,472.0,1.8
1139.0,518.0,6.0
1139.0,604.0,3.6
1139.0,432.0,3.3
1139.0,222.0,6.9
1139.0,56.0,2.8
1139.0,476.0,2.6
1139.0,514.0,2.2
1139.0,1009.0,2.3
1139.0,28.0,2.9
1139.0,490.0,2.2
1139.0,461.0,3.0
1139.0,301.0,3.5
1139.0,23.0,4.5
1139.0,118.0,3.1
1139.0,658.0,3.1
1139.0,407.0,3.5
1139.0,95.0,2.5
1139.0,168.0,4.8
1139.0,168.0,4.7
1139.0,868.0,5.0
1139.0,1162.0,5.0
1139.0,927.0,5.0
1139.0,1521.0,5.0
1139.0,1301.0,5.0
1139.0,1191.0,5.0
1140.0,194.0,3.5
1140.0,810.0,4.3
1140.0,524.0,3.7
1140.0,951.0,4.7
1140.0,77.0,5.8
1140.0,324.0,2.8
1140.0,203.0,2.2
1140.0,153.0,3.3
1140.0,135.0,3.9
1140.0,451.0,2.3
1140.0,575.0,1.9
1140.0,550.0,4.1
1140.0,79.0,3.7
1140.0,165.0,2.4
1140.0,455.0,3.3
1140.0,265.0,3.4
1140.0,196.0,4.4
1140.0,100.0,3.7
1140.0,1401.0,3.8
1140.0,975.0,1.4
1140.0,56.0,3.2
1140.0,321.0,2.1
1140.0,582.0,4.9
1140.0,15.0,3.5
1140.0,69.0,4.2
1140.0,531.0,5.9
1140.0,749.0,6.0
1140.0,122.0,2.6
1140.0,159.0,3.3
1140.0,433.0,2.8
1140.0,509.0,4.1
1140.0,79.0,3.2
1140.0,64.0,5.0
1140.0,272.0,1.3
1140.0,326.0,4.2
1140.0,128.0,2.0
1140.0,9.0,3.2
1140.0,664.0,3.0
1140.0,515.0,3.1
1140.0,472.0,5.0
1140.0,1035.0,1.0
1140.0,70.0,3.0
1140.0,475.0,3.1
1140.0,252.0,5.3
1140.0,3.0,3.9
1140.0,195.0,3.6
1140.0,832.0,3.0
1140.0,23.0,1.7
1140.0,657.0,3.8
1140.0,11.0,3.8
1140.0,472.0,2.2
1140.0,518.0,4.7
1140.0,604.0,2.4
1140.0,432.0,4.4
1140.0,222.0,3.6
1140.0,56.0,2.9
1140.0,476.0,2.5
1140.0,514.0,2.2
1140.0,1009.0,3.6
1140.0,28.0,3.1
1140.0,490.0,3.0
1140.0,461.0,4.1
1140.0,301.0,4.8
1140.0,23.0,4.5
1140.0,118.0,5.7
1140.0,658.0,3.1
1140.0,407.0,5.3
1140.0,95.0,4.2
1140.0,168.0,3.7
1140.0,168.0,4.2
1140.0,868.0,5.0
1140.0,1162.0,5.0
1140.0,927.0,5.0
1140.0,1521.0,5.0
1140.0,1301.0,5.0
1140.0,1191.0,5.0
1141.0,194.0,3.5
1141.0,810.0,1.5
1141.0,524.0,4.0
1141.0,951.0,3.8
1141.0,77.0,5.4
1141.0,324.0,4.2
1141.0,203.0,4.8
1141.0,153.0,5.5
1141.0,135.0,3.4
1141.0,451.0,4.3
1141.0,575.0,3.3
1141.0,550.0,4.5
1141.0,79.0,3.5
1141.0,165.0,3.9
1141.0,455.0,4.0
1141.0,265.0,3.0
1141.0,196.0,4.8
1141.0,100.0,3.0
1141.0,1401.0,2.3
1141.0,975.0,3.8
1141.0,56.0,2.8
1141.0,321.0,2.8
1141.0,582.0,4.1
1141.0,15.0,3.8
1141.0,69.0,3.5
1141.0,531.0,4.2
1141.0,749.0,2.5
1141.0,122.0,3.8
1141.0,159.0,3.7
1141.0,433.0,2.8
1141.0,509.0,3.4
1141.0,79.0,4.2
1141.0,64.0,1.5
1141.0,272.0,3.0
1141.0,326.0,3.7
1141.0,128.0,5.2
1141.0,9.0,5.1
1141.0,664.0,4.2
1141.0,515.0,2.7
1141.0,472.0,4.3
1141.0,1035.0,1.8
1141.0,70.0,3.8
1141.0,475.0,2.6
1141.0,252.0,4.1
1141.0,3.0,2.9
1141.0,195.0,4.6
1141.0,832.0,3.6
1141.0,23.0,2.4
1141.0,657.0,3.7
1141.0,11.0,4.0
1141.0,472.0,3.6
1141.0,518.0,3.5
1141.0,604.0,4.2
1141.0,432.0,2.2
1141.0,222.0,3.6
1141.0,56.0,2.7
1141.0,476.0,4.0
1141.0,514.0,3.4
1141.0,1009.0,3.4
1141.0,28.0,3.8
1141.0,490.0,4.7
1141.0,461.0,2.2
1141.0,301.0,1.3
1141.0,23.0,1.5
1141.0,118.0,4.3
1141.0,658.0,2.1
1141.0,407.0,5.6
1141.0,95.0,3.7
1141.0,168.0,4.6
1141.0,168.0,3.0
1141.0,868.0,5.0
1141.0,1162.0,5.0
1141.0,927.0,5.0
1141.0,1521.0,5.0
1141.0,1301.0,5.0
1141.0,1191.0,5.0
1142.0,194.0,2.7
1142.0,810.0,3.3
1142.0,524.0,2.8
1142.0,951.0,3.5
1142.0,77.0,4.1
1142.0,324.0,4.0
1142.0,203.0,3.4
1142.0,153.0,4.0
1142.0,135.0,3.1
1142.0,451.0,4.6
1142.0,575.0,1.3
1142.0,550.0,4.4
1142.0,79.0,3.4
1142.0,165.0,3.0
1142.0,455.0,4.7
1142.0,265.0,4.7
1142.0,196.0,4.1
1142.0,100.0,3.8
1142.0,1401.0,5.1
1142.0,975.0,2.3
1142.0,56.0,4.4
1142.0,321.0,3.7
1142.0,582.0,2.7
1142.0,15.0,2.1
1142.0,69.0,2.0
1142.0,531.0,5.5
1142.0,749.0,2.9
1142.0,122.0,1.6
1142.0,159.0,4.4
1142.0,433.0,3.8
1142.0,509.0,4.4
1142.0,79.0,3.2
1142.0,64.0,5.6
1142.0,272.0,2.7
1142.0,326.0,3.3
1142.0,128.0,5.2
1142.0,9.0,0.6
1142.0,664.0,3.8
1142.0,515.0,5.5
1142.0,472.0,5.5
1142.0,1035.0,3.7
1142.0,70.0,4.7
1142.0,475.0,3.1
1142.0,252.0,2.1
1142.0,3.0,5.6
1142.0,195.0,2.0
1142.0,832.0,1.5
1142.0,23.0,3.7
1142.0,657.0,4.0
1142.0,11.0,3.6
1142.0,472.0,4.9
1142.0,518.0,3.4
1142.0,604.0,3.0
1142.0,432.0,1.1
1142.0,222.0,4.4
1142.0,56.0,3.9
1142.0,476.0,3.3
1142.0,514.0,3.5
1142.0,1009.0,5.8
1142.0,28.0,4.8
1142.0,490.0,2.3
1142.0,461.0,5.1
1142.0,301.0,5.4
1142.0,23.0,2.6
1142.0,118.0,4.9
1142.0,658.0,5.3
1142.0,407.0,3.1
1142.0,95.0,4.8
1142.0,168.0,5.1
1142.0,168.0,4.4
1142.0,868.0,5.0
1142.0,1162.0,5.0
1142.0,927.0,5.0
1142.0,1521.0,5.0
1142.0,1301.0,5.0
1142.0,1191.0,5.0
1143.0,194.0,4.2
1143.0,810.0,3.8
1143.0,524.0,2.7
1143.0,951.0,2.7
1143.0,77.0,4.3
1143.0,324.0,3.9
1143.0,203.0,2.8
1143.0,153.0,3.6
1143.0,135.0,3.8
1143.0,451.0,3.0
1143.0,575.0,4.2
1143.0,550.0,4.4
1143.0,79.0,3.5
1143.0,165.0,3.6
1143.0,455.0,3.0
1143.0,265.0,3.6
1143.0,196.0,2.9
1143.0,100.0,2.2
1143.0,1401.0,4.2
1143.0,975.0,1.4
1143.0,56.0,2.5
1143.0,321.0,4.1
1143.0,582.0,3.9
1143.0,15.0,0.8
1143.0,69.0,4.8
1143.0,531.0,5.9
1143.0,749.0,3.9
1143.0,122.0,4.0
1143.0,159.0,4.6
1143.0,433.0,1.9
1143.0,509.0,3.4
1143.0,79.0,2.3
1143.0,64.0,4.3
1143.0,272.0,5.0
1143.0,326.0,3.1
1143.0,128.0,5.4
1143.0,9.0,4.1
1143.0,664.0,3.2
1143.0,515.0,4.4
1143.0,472.0,4.7
1143.0,1035.0,4.8
1143.0,70.0,3.9
1143.0,475.0,3.2
1143.0,252.0,5.6
1143.0,3.0,3.2
1143.0,195.0,5.2
1143.0,832.0,5.7
1143.0,23.0,4.6
1143.0,657.0,5.8
1143.0,11.0,3.3
1143.0,472.0,2.0
1143.0,518.0,3.3
1143.0,604.0,5.0
1143.0,432.0,1.6
1143.0,222.0,3.7
1143.0,56.0,3.0
1143.0,476.0,4.0
1143.0,514.0,3.9
1143.0,1009.0,6.1
1143.0,28.0,2.2
1143.0,490.0,4.9
1143.0,461.0,3.2
1143.0,301.0,3.6
1143.0,23.0,2.6
1143.0,118.0,3.4
1143.0,658.0,3.0
1143.0,407.0,3.1
1143.0,95.0,4.5
1143.0,168.0,1.5
1143.0,168.0,4.9
1143.0,868.0,5.0
1143.0,1162.0,5.0
1143.0,927.0,5.0
1143.0,1521.0,5.0
1143.0,1301.0,5.0
1143.0,1191.0,5.0
1144.0,194.0,4.4
1144.0,810.0,2.2
1144.0,524.0,5.6
1144.0,951.0,3.5
1144.0,77.0,2.1
1144.0,324.0,2.7
1144.0,203.0,3.1
1144.0,153.0,3.6
1144.0,135.0,1.3
1144.0,451.0,2.9
1144.0,575.0,2.9
1144.0,550.0,4.5
1144.0,79.0,3.9
1144.0,165.0,4.1
1144.0,455.0,3.9
1144.0,265.0,3.3
1144.0,196.0,2.2
1144.0,100.0,4.4
1144.0,1401.0,3.3
1144.0,975.0,4.8
1144.0,56.0,1.9
1144.0,321.0,3.1
1144.0,582.0,2.3
1144.0,15.0,3.3
1144.0,69.0,3.2
1144.0,531.0,3.3
1144.0,749.0,3.8
1144.0,122.0,3.5
1144.0,159.0,4.0
1144.0,433.0,2.9
1144.0,509.0,3.8
1144.0,79.0,3.0
1144.0,64.0,4.5
1144.0,272.0,2.8
1144.0,326.0,3.2
1144.0,128.0,5.2
1144.0,9.0,3.3
1144.0,664.0,4.6
1144.0,515.0,2.4
1144.0,472.0,4.9
1144.0,1035.0,4.5
1144.0,70.0,3.3
1144.0,475.0,4.5
1144.0,252.0,3.5
1144.0,3.0,4.8
1144.0,195.0,3.8
1144.0,832.0,5.3
1144.0,23.0,1.9
1144.0,657.0,3.8
1144.0,11.0,5.0
1144.0,472.0,3.7
1144.0,518.0,3.0
1144.0,604.0,2.5
1144.0,432.0,2.9
1144.0,222.0,4.2
1144.0,56.0,4.4
1144.0,476.0,4.7
1144.0,514.0,3.9
1144.0,1009.0,3.0
1144.0,28.0,4.9
1144.0,490.0,1.3
1144.0,461.0,4.3
1144.0,301.0,3.5
1144.0,23.0,3.0
1144.0,118.0,0.8
1144.0,658.0,4.9
1144.0,407.0,1.3
1144.0,95.0,4.2
1144.0,168.0,2.9
1144.0,168.0,3.8
1144.0,868.0,5.0
1144.0,1162.0,5.0
1144.0,927.0,5.0
1144.0,1521.0,5.0
1144.0,1301.0,5.0
1144.0,1191.0,5.0
1145.0,194.0,2.4
1145.0,810.0,1.7
1145.0,524.0,4.0
1145.0,951.0,6.3
1145.0,77.0,5.9
1145.0,324.0,3.7
1145.0,203.0,3.3
1145.0,153.0,4.8
1145.0,135.0,3.8
1145.0,451.0,3.5
1145.0,575.0,3.7
1145.0,550.0,3.6
1145.0,79.0,3.4
1145.0,165.0,4.6
1145.0,455.0,4.6
1145.0,265.0,4.6
1145.0,196.0,4.2
1145.0,100.0,3.1
1145.0,1401.0,3.9
1145.0,975.0,4.7
1145.0,56.0,2.9
1145.0,321.0,4.8
1145.0,582.0,3.5
1145.0,15.0,2.0
1145.0,69.0,3.7
1145.0,531.0,3.9
1145.0,749.0,1.5
1145.0,122.0,5.1
1145.0,159.0,3.6
1145.0,433.0,3.0
1145.0,509.0,4.8
1145.0,79.0,2.3
1145.0,64.0,2.8
1145.0,272.0,3.7
1145.0,326.0,4.4
1145.0,128.0,3.2
1145.0,9.0,4.1
1145.0,664.0,5.9
1145.0,515.0,1.6
1145.0,472.0,3.8
1145.0,1035.0,5.0
1145.0,70.0,4.8
1145.0,475.0,2.7
1145.0,252.0,2.8
1145.0,3.0,3.2
1145.0,195.0,4.4
1145.0,832.0,2.8
1145.0,23.0,2.9
1145.0,657.0,2.5
1145.0,11.0,3.7
1145.0,472.0,5.0
1145.0,518.0,4.0
1145.0,604.0,3.4
1145.0,432.0,4.0
1145.0,222.0,1.5
1145.0,56.0,4.7
1145.0,476.0,2.2
1145.0,514.0,4.3
1145.0,1009.0,4.6
1145.0,28.0,4.8
1145.0,490.0,1.8
1145.0,461.0,3.3
1145.0,301.0,4.9
1145.0,23.0,1.4
1145.0,118.0,5.1
1145.0,658.0,3.5
1145.0,407.0,2.8
1145.0,95.0,4.0
1145.0,168.0,3.2
1145.0,168.0,4.3
1145.0,868.0,5.0
1145.0,1162.0,5.0
1145.0,927.0,5.0
1145.0,1521.0,5.0
1145.0,1301.0,5.0
1145.0,1191.0,5.0
1146.0,194.0,3.2
1146.0,810.0,2.4
1146.0,524.0,4.6
1146.0,951.0,4.9
1146.0,77.0,1.6
1146.0,324.0,3.7
1146.0,203.0,4.1
1146.0,153.0,2.3
1146.0,135.0,4.3
1146.0,451.0,5.1
1146.0,575.0,1.8
1146.0,550.0,4.3
1146.0,79.0,2.4
1146.0,165.0,2.5
1146.0,455.0,4.7
1146.0,265.0,4.2
1146.0,196.0,2.6
1146.0,100.0,1.3
1146.0,1401.0,4.5
1146.0,975.0,4.6
1146.0,56.0,4.2
1146.0,321.0,2.5
1146.0,582.0,3.8
1146.0,15.0,3.4
1146.0,69.0,3.3
1146.0,531.0,5.7
1146.0,749.0,3.4
1146.0,122.0,3.2
1146.0,159.0,2.4
1146.0,433.0,4.0
1146.0,509.0,3.5
1146.0,79.0,3.2
1146.0,64.0,3.3
1146.0,272.0,4.8
1146.0,326.0,5.2
1146.0,128.0,3.7
1146.0,9.0,3.5
1146.0,664.0,3.0
1146.0,515.0,1.6
1146.0,472.0,3.3
1146.0,1035.0,4.4
1146.0,70.0,2.4
1146.0,475.0,4.0
1146.0,252.0,1.5
1146.0,3.0,2.5
1146.0,195.0,3.6
1146.0,832.0,1.9
1146.0,23.0,4.5
1146.0,657.0,2.6
1146.0,11.0,2.9
1146.0,472.0,3.0
1146.0,518.0,3.5
1146.0,604.0,3.3
1146.0,432.0,2.7
1146.0,222.0,1.9
1146.0,56.0,4.5
1146.0,476.0,3.8
1146.0,514.0,2.9
1146.0,1009.0,3.3
1146.0,28.0,4.3
1146.0,490.0,4.7
1146.0,461.0,3.6
1146.0,301.0,2.4
1146.0,23.0,4.5
1146.0,118.0,4.0
1146.0,658.0,3.9
1146.0,407.0,1.7
1146.0,95.0,2.1
1146.0,168.0,3.5
1146.0,168.0,3.3
1146.0,868.0,5.0
1146.0,1162.0,5.0
1146.0,927.0,5.0
1146.0,1521.0,5.0
1146.0,1301.0,5.0
1146.0,1191.0,5.0
1147.0,194.0,2.8
1147.0,810.0,4.3
1147.0,524.0,3.4
1147.0,951.0,3.0
1147.0,77.0,3.7
1147.0,324.0,3.1
1147.0,203.0,5.4
1147.0,153.0,4.9
1147.0,135.0,1.4
1147.0,451.0,3.5
1147.0,575.0,3.9
1147.0,550.0,3.0
1147.0,79.0,4.0
1147.0,165.0,4.6
1147.0,455.0,3.4
1147.0,265.0,4.7
1147.0,196.0,3.7
1147.0,100.0,2.9
1147.0,1401.0,3.3
1147.0,975.0,3.3
1147.0,56.0,3.2
1147.0,321.0,2.8
1147.0,582.0,3.9
1147.0,15.0,5.0
1147.0,69.0,3.0
1147.0,531.0,2.4
1147.0,749.0,3.9
1147.0,122.0,2.7
1147.0,159.0,4.1
1147.0,433.0,3.0
1147.0,509.0,4.4
1147.0,79.0,2.4
1147.0,64.0,1.8
1147.0,272.0,2.8
1147.0,326.0,2.7
1147.0,128.0,3.1
1147.0,9.0,2.4
1147.0,664.0,2.4
1147.0,515.0,4.1
1147.0,472.0,4.3
1147.0,1035.0,3.1
1147.0,70.0,4.3
1147.0,475.0,4.3
1147.0,252.0,2.2
1147.0,3.0,3.8
1147.0,195.0,3.9
1147.0,832.0,2.0
1147.0,23.0,3.1
1147.0,657.0,2.8
1147.0,11.0,2.3
1147.0,472.0,4.5
1147.0,518.0,3.5
1147.0,604.0,4.8
1147.0,432.0,2.3
1147.0,222.0,4.1
1147.0,56.0,3.1
1147.0,476.0,2.4
1147.0,514.0,1.4
1147.0,1009.0,4.2
1147.0,28.0,2.1
1147.0,490.0,4.6
1147.0,461.0,2.1
1147.0,301.0,4.4
1147.0,23.0,4.8
1147.0,118.0,6.6
1147.0,658.0,3.7
1147.0,407.0,2.5
1147.0,95.0,4.7
1147.0,168.0,2.6
1147.0,168.0,3.7
1147.0,868.0,5.0
1147.0,1162.0,5.0
1147.0,927.0,5.0
1147.0,1521.0,5.0
1147.0,1301.0,5.0
1147.0,1191.0,5.0
1148.0,194.0,2.1
1148.0,810.0,2.4
1148.0,524.0,1.7
1148.0,951.0,1.7
1148.0,77.0,3.4
1148.0,324.0,4.1
1148.0,203.0,3.3
1148.0,153.0,2.8
1148.0,135.0,4.6
1148.0,451.0,3.0
1148.0,575.0,5.3
1148.0,550.0,3.7
1148.0,79.0,3.3
1148.0,165.0,3.9
1148.0,455.0,3.4
1148.0,265.0,4.4
1148.0,196.0,4.8
1148.0,100.0,3.8
1148.0,1401.0,4.8
1148.0,975.0,4.2
1148.0,56.0,3.6
1148.0,321.0,1.9
1148.0,582.0,4.2
1148.0,15.0,1.3
1148.0,69.0,2.3
1148.0,531.0,3.5
1148.0,749.0,5.8
1148.0,122.0,3.2
1148.0,159.0,1.6
1148.0,433.0,4.1
1148.0,509.0,1.8
1148.0,79.0,4.5
1148.0,64.0,3.3
1148.0,272.0,3.5
1148.0,326.0,2.4
1148.0,128.0,5.5
1148.0,9.0,4.4
1148.0,664.0,2.3
1148.0,515.0,3.8
1148.0,472.0,4.9
1148.0,1035.0,3.5
1148.0,70.0,1.7
1148.0,475.0,5.7
1148.0,252.0,4.6
1148.0,3.0,2.5
1148.0,195.0,4.9
1148.0,832.0,2.0
1148.0,23.0,3.9
1148.0,657.0,3.9
1148.0,11.0,2.0
1148.0,472.0,2.2
1148.0,518.0,4.9
1148.0,604.0,3.3
1148.0,432.0,3.2
1148.0,222.0,3.4
1148.0,56.0,4.7
1148.0,476.0,4.0
1148.0,514.0,4.0
1148.0,1009.0,4.3
1148.0,28.0,4.4
1148.0,490.0,3.2
1148.0,461.0,3.8
1148.0,301.0,5.3
1148.0,23.0,3.6
1148.0,118.0,3.8
1148.0,658.0,3.9
1148.0,407.0,5.2
1148.0,95.0,3.5
1148.0,168.0,4.4
1148.0,168.0,3.9
1148.0,868.0,5.0
1148.0,1162.0,5.0
1148.0,927.0,5.0
1148.0,1521.0,5.0
1148.0,1301.0,5.0
1148.0,1191.0,5.0
1149.0,194.0,2.0
1149.0,810.0,3.0
1149.0,524.0,2.6
1149.0,951.0,3.3
1149.0,77.0,2.7
1149.0,324.0,4.7
1149.0,203.0,4.6
1149.0,153.0,3.7
1149.0,135.0,4.3
1149.0,451.0,2.9
1149.0,575.0,2.6
1149.0,550.0,2.5
1149.0,79.0,3.6
1149.0,165.0,2.8
1149.0,455.0,5.5
1149.0,265.0,5.2
1149.0,196.0,4.5
1149.0,100.0,4.2
1149.0,1401.0,2.9
1149.0,975.0,4.4
1149.0,56.0,2.9
1149.0,321.0,4.8
1149.0,582.0,2.1
1149.0,15.0,3.3
1149.0,69.0,3.1
1149.0,531.0,4.6
1149.0,749.0,3.6
1149.0,122.0,2.7
1149.0,159.0,3.9
1149.0,433.0,1.5
1149.0,509.0,3.3
1149.0,79.0,2.6
1149.0,64.0,4.2
1149.0,272.0,2.4
1149.0,326.0,4.0
1149.0,128.0,2.6
1149.0,9.0,2.9
1149.0,664.0,6.5
1149.0,515.0,5.0
1149.0,472.0,2.4
1149.0,1035.0,3.0
1149.0,70.0,1.2
1149.0,475.0,3.6
1149.0,252.0,2.2
1149.0,3.0,1.2
1149.0,195.0,2.5
1149.0,832.0,5.3
1149.0,23.0,3.4
1149.0,657.0,3.3
1149.0,11.0,3.9
1149.0,472.0,3.1
1149.0,518.0,1.4
1149.0,604.0,3.4
1149.0,432.0,4.3
1149.0,222.0,2.6
1149.0,56.0,5.5
1149.0,476.0,3.6
1149.0,514.0,1.9
1149.0,1009.0,4.3
1149.0,28.0,3.5
1149.0,490.0,3.4
1149.0,461.0,5.9
1149.0,301.0,4.5
1149.0,23.0,4.2
1149.0,118.0,3.5
1149.0,658.0,2.8
1149.0,407.0,4.5
1149.0,95.0,3.1
1149.0,168.0,5.0
1149.0,168.0,3.5
1149.0,868.0,5.0
1149.0,1162.0,5.0
1149.0,927.0,5.0
1149.0,1521.0,5.0
1149.0,1301.0,5.0
1149.0,1191.0,5.0
